-- phpMyAdmin SQL Dump
-- version 4.8.0.1
-- https://www.phpmyadmin.net/
--
-- Máy chủ: 127.0.0.1
-- Thời gian đã tạo: Th12 07, 2018 lúc 03:59 PM
-- Phiên bản máy phục vụ: 10.1.32-MariaDB
-- Phiên bản PHP: 7.2.5

SET SQL_MODE = "NO_AUTO_VALUE_ON_ZERO";
SET AUTOCOMMIT = 0;
START TRANSACTION;
SET time_zone = "+00:00";


/*!40101 SET @OLD_CHARACTER_SET_CLIENT=@@CHARACTER_SET_CLIENT */;
/*!40101 SET @OLD_CHARACTER_SET_RESULTS=@@CHARACTER_SET_RESULTS */;
/*!40101 SET @OLD_COLLATION_CONNECTION=@@COLLATION_CONNECTION */;
/*!40101 SET NAMES utf8mb4 */;

--
-- Cơ sở dữ liệu: `dat_ve`
--

-- --------------------------------------------------------

--
-- Cấu trúc bảng cho bảng `field`
--

CREATE TABLE `field` (
  `id` int(10) NOT NULL,
  `field_name` varchar(200) NOT NULL,
  `fieds` text NOT NULL
) ENGINE=InnoDB DEFAULT CHARSET=utf8;

--
-- Đang đổ dữ liệu cho bảng `field`
--

INSERT INTO `field` (`id`, `field_name`, `fieds`) VALUES
(1, 'FNAL01_06', '{usersname},{password}'),
(2, 'FNAL07_10', '{username},{password},{password2},{tennhanvien},{sdt},{cmnd},{diachi}'),
(3, 'FNBI01_04', '{username},{password},{bill}'),
(4, 'FNE01_10', '{username},{password1},{email},{tennhanvien},{sdt},{cmnd},{diachi},{matkhau},{xacnhanmatkhau}'),
(5, 'FNE11_12_20_21', '{username},{password},{manhanvien}'),
(6, 'FNE13_19', '{username},{password},{manhanvien},{tennhanvien},{sdt},{cmnd},{diachi},{matkhau},{xacnhanmatkhau}'),
(7, 'FNR01_09 FNR12_18', '{username},{password},{matuyenduong},{bendi},{benden},{quangduong},{thoigian},{giave}'),
(8, 'FNR10_11_19_20', '{username},{password},{matuyenduong}'),
(9, 'FNS01_04', '{username},{password},{matuyen},{biensoxe},{ngaydi},{giochay}'),
(10, 'FNS05_06_09_10', '{username},{password},{malotrinh}'),
(11, 'FNS07_08', '{username},{password},{malotrinh},{matuyen},{bangsoxe},{ngaydi},{giochay}'),
(12, 'FNBU01_05', '{username},{password},{bangsoxe},{socho}'),
(13, 'FNBU06_07_11_17', '{username},{password},{bangsoxe}'),
(14, 'FNBU08_09', '{username},{password},{bangsoxe},{bangsoxesua}'),
(15, 'FNUR01_14', '{hoten},{email},{sdt},{cmnd},{diachi},{matkhau},{xacnhanmatkhau}'),
(16, 'FNUI01_10', '{username},{password},{hoten},{email},{sdt},{cmnd},{diachi},{matkhau},{xacnhanmatkhau}'),
(17, 'FNUBT01_04', '{soluongve}'),
(18, 'FNUBT05_08', '{username},{password},{soluongve}');

-- --------------------------------------------------------

--
-- Cấu trúc bảng cho bảng `function`
--

CREATE TABLE `function` (
  `id` int(11) NOT NULL,
  `project_id` varchar(250) NOT NULL,
  `function` varchar(200) NOT NULL
) ENGINE=InnoDB DEFAULT CHARSET=utf8;

--
-- Đang đổ dữ liệu cho bảng `function`
--

INSERT INTO `function` (`id`, `project_id`, `function`) VALUES
(1, 'project_2', 'Admin Login'),
(2, 'project_2', 'Bill'),
(3, 'project_2', 'Employee'),
(4, 'project_2', 'Route'),
(5, 'project_2', 'Schedule'),
(6, 'project_2', 'Bus'),
(7, 'project_2', 'User Register'),
(8, 'project_2', 'User Login'),
(9, 'project_2', 'User Information'),
(10, 'project_2', 'User Book Ticket'),
(11, 'project_1', 'User Register'),
(12, 'project_1', 'User Login'),
(13, 'project_1', 'User Add to cart'),
(14, 'project_3', 'User Register'),
(15, 'project_3', 'User Login'),
(16, 'project_3', 'User Add to cart'),
(22, 'project_3', 'add data 123');

-- --------------------------------------------------------

--
-- Cấu trúc bảng cho bảng `project`
--

CREATE TABLE `project` (
  `id` varchar(250) NOT NULL,
  `project_name` varchar(250) NOT NULL
) ENGINE=InnoDB DEFAULT CHARSET=utf8;

--
-- Đang đổ dữ liệu cho bảng `project`
--

INSERT INTO `project` (`id`, `project_name`) VALUES
('project_1', 'shoppee'),
('project_2', 'dat ve xe khach'),
('project_3', 'tiki'),
('project_4', 'youtube'),
('project_5', 'ban hang online lazada');

-- --------------------------------------------------------

--
-- Cấu trúc bảng cho bảng `report`
--

CREATE TABLE `report` (
  `id` int(11) NOT NULL,
  `id_function` int(15) NOT NULL,
  `id_testcase` varchar(250) NOT NULL,
  `id_version` int(15) NOT NULL,
  `function` varchar(250) NOT NULL,
  `testCaseName` varchar(50) NOT NULL,
  `description` varchar(250) NOT NULL,
  `time` float NOT NULL
) ENGINE=InnoDB DEFAULT CHARSET=utf8;

--
-- Đang đổ dữ liệu cho bảng `report`
--

INSERT INTO `report` (`id`, `id_function`, `id_testcase`, `id_version`, `function`, `testCaseName`, `description`, `time`) VALUES
(25, 1, 'FNAL_01', 1, 'AdminLoginCest.php', 'loginWithUserTruePassTrue', 'Login với Username đúng, Password đúng', 3.80503),
(26, 1, 'FNAL_02', 1, 'AdminLoginCest.php', 'loginWithUserTruePassFail', 'Login với Username đúng, Password sai', 1.89945),
(27, 1, 'FNAL_03', 1, 'AdminLoginCest.php', 'loginWithUserFailPassTrue', 'Login với Username sai, Password đúng', 1.28003),
(28, 1, 'FNAL_04', 1, 'AdminLoginCest.php', 'loginWithUserFailPassFail', 'Login với Username sai, Password sai', 1.49136),
(29, 2, 'FNBI_01', 1, 'BillCest.php', 'timKiemVoiDuLieuDung', 'Tìm kiếm với dữ liệu đúng', 2.405),
(30, 2, 'FNBI_02', 1, 'BillCest.php', 'timKiemVoiDuLieuSai', 'Tìm kiếm với dữ liệu sai', 2.47901),
(31, 2, 'FNBI_03', 1, 'BillCest.php', 'duyetDonHangVoiCancel', 'Duyệt đơn hàng với Cancel', 4.19401),
(32, 2, 'FNBI_04', 1, 'BillCest.php', 'duyetDonHangVoiOK', 'Duyệt đơn hàng với OK', 4.76677),
(33, 6, 'FNBU_01', 1, 'BusCest.php', 'themXeKhachDuLieuDung', 'Thêm xe khách với dữ liệu đúng', 28.7437),
(34, 6, 'FNBU_02', 1, 'BusCest.php', 'themXeKhachBoTrongDuLieu', 'Thêm xe khách với bỏ trống dữ liệu', 4.83697),
(35, 6, 'FNBU_03', 1, 'BusCest.php', 'themXeKhachDuLieuTrung', 'Thêm xe khách với bảng số xe bị trùng', 6.93463),
(36, 6, 'FNBU_04', 1, 'BusCest.php', 'themXeKhachBoTrongBangSoXe', 'Thêm xe khách với dữ bỏ trống bảng số xe', 6.03556),
(37, 6, 'FNBU_07', 1, 'BusCest.php', 'timKiemXeFail', 'Tìm kiếm xe khách với dữ liệu sai', 4.90846),
(38, 6, 'FNBU_06', 1, 'BusCest.php', 'timKiemXeTrue', 'Tìm kiếm xe khách với dữ liệu đúng', 6.41998),
(39, 6, 'FNBU_08', 1, 'BusCest.php', 'suaXeKhachVoiDuLieuDung', 'Sửa dữ liệu xe khách với dữ liệu đúng', 7.20468),
(40, 6, 'FNBU_10', 1, 'BusCest.php', 'xoaXeKhachCancel', 'Xóa xe khách với Cancel', 4.61294),
(41, 6, 'FNBU_11', 1, 'BusCest.php', 'xoaXeKhachOK', 'Xóa xe khách với OK', 5.8159),
(42, 3, 'FNE_01', 1, 'EmployeeCest.php', 'themNVDuLieuDung', 'Thêm nhân viên với dữ liệu đúng.', 6.23247),
(43, 3, 'FNE_02', 1, 'EmployeeCest.php', 'themNVThieuEmail', 'Thêm nhân viên với bỏ trống Email.', 6.35459),
(44, 3, 'FNE_03', 1, 'EmployeeCest.php', 'themNVEmailTrung', 'Thêm nhân viên với Email bị trùng.', 4.6694),
(45, 0, 'FNE_12', 1, 'EmployeeCest.php', 'timKiemNVFail', 'Tìm kiếm nhân viên với dữ liệu sai', 4.23628),
(46, 3, 'FNE_11', 1, 'EmployeeCest.php', 'timKiemNVTrue', 'Tìm kiếm nhân viên với dữ liệu đúng', 4.71719),
(47, 3, 'FNE_13', 1, 'EmployeeCest.php', 'suaNVDuLieuDung', 'Sửa nhân viên với dữ liệu đúng.', 21.7965),
(48, 3, 'FNE_14', 1, 'EmployeeCest.php', 'suaNVThieuSdt', 'Sửa nhân viên với thiếu số điện thoại.', 21.7201),
(49, 3, 'FNE_15', 1, 'EmployeeCest.php', 'suaNVThieuCmnd', 'Sửa nhân viên với thiếu chứng minh nhân dân.', 9.19143),
(50, 3, 'FNE_20', 1, 'EmployeeCest.php', 'xoaCancel', 'Xóa nhân viên với Cancel', 5.17281),
(51, 3, 'FNE_21', 1, 'EmployeeCest.php', 'xoaOK', 'Xóa nhân viên với OK', 11.1103),
(52, 4, 'FNR_01', 1, 'RouteCest.php', 'themTuyenDuongDLDung', 'Thêm tuyến đường với dữ liệu đúng', 7.70949),
(53, 4, 'FNR_02', 1, 'RouteCest.php', 'themTuyenDuongThieuMaTuyenDuong', 'Thêm tuyến đường với bỏ trống mã tuyến đường', 6.35755),
(54, 4, 'FNR_06', 1, 'RouteCest.php', 'themTuyenDuongThieuQuangDuong', 'Thêm tuyến đường với bỏ trống quãng đường', 5.14057),
(55, 4, 'FNR_11', 1, 'RouteCest.php', 'timKiemTuyenDuongSai', 'Tìm kiếm tuyến đường với dữ liệu sai', 3.5917),
(56, 4, 'FNR_10', 1, 'RouteCest.php', 'timKiemTuyenDuongDung', 'Tìm kiếm tuyến đường với dữ liệu sai', 5.84022),
(57, 4, 'FNR_12', 1, 'RouteCest.php', 'suaTuyenDuongDLDung', 'Sửa tuyến đường với dữ liệu đúng', 8.10903),
(58, 4, 'FNR_16', 1, 'RouteCest.php', 'suaTuyenDuongThieuThoiGian', 'Sửa tuyến đường với thiếu thời gian', 8.17776),
(59, 4, 'FNR_19', 1, 'RouteCest.php', 'xoaTuyenDuongCancel', 'Xóa tuyến đường với Cancel', 5.65882),
(60, 4, 'FNR_20', 1, 'RouteCest.php', 'xoaTuyenDuongOK', 'Xóa tuyến đường với OK', 8.59227),
(61, 5, 'FNS_01', 1, 'ScheduleCest.php', 'themLoTrinhVoiDuLieuDung', 'Thêm lộ trình với dữ liệu đúng', 4.90395),
(62, 5, 'FNS_05', 1, 'ScheduleCest.php', 'timKiemLoTrinhDung', 'Tìm kiếm lộ trình với dữ liệu đúng', 3.2647),
(63, 5, 'FNS_07', 1, 'ScheduleCest.php', 'suaLoTrinhDuLieuDung', 'Sửa lộ trình với dữ liệu đúng', 7.45806),
(64, 5, 'FNS_09', 1, 'ScheduleCest.php', 'xoaLoTrinhCancel', 'Xóa lộ trình với Cancel', 7.27738),
(65, 5, 'FNS_10', 1, 'ScheduleCest.php', 'xoaLoTrinhOK', 'Xóa lộ trình với OK', 6.27293),
(66, 1, 'FNAL_05', 1, 'AdminLoginCest.php', 'logout', 'Thoát ra ngoài tài khoản Admin', 3.15871),
(67, 1, 'FNAL_01', 2, 'AdminLoginCest.php', 'loginWithUserTruePassTrue', 'Login với Username đúng, Password đúng', 4.61294),
(68, 1, 'FNAL_02', 2, 'AdminLoginCest.php', 'loginWithUserTruePassFail', 'Login với Username đúng, Password sai', 5.8159),
(69, 1, 'FNAL_03', 2, 'AdminLoginCest.php', 'loginWithUserFailPassTrue', 'Login với Username sai, Password đúng', 6.23247),
(70, 1, 'FNAL_04', 2, 'AdminLoginCest.php', 'loginWithUserFailPassFail', 'Login với Username sai, Password sai', 6.35459),
(71, 2, 'FNBI_01', 2, 'BillCest.php', 'timKiemVoiDuLieuDung', 'Tìm kiếm với dữ liệu đúng', 4.6694),
(72, 2, 'FNBI_02', 2, 'BillCest.php', 'timKiemVoiDuLieuSai', 'Tìm kiếm với dữ liệu sai', 3.80503),
(73, 2, 'FNBI_03', 2, 'BillCest.php', 'duyetDonHangVoiCancel', 'Duyệt đơn hàng với Cancel', 1.89945),
(74, 2, 'FNBI_04', 2, 'BillCest.php', 'duyetDonHangVoiOK', 'Duyệt đơn hàng với OK', 1.28003),
(75, 6, 'FNBU_01', 2, 'BusCest.php', 'themXeKhachDuLieuDung', 'Thêm xe khách với dữ liệu đúng', 1.49136),
(76, 6, 'FNBU_02', 2, 'BusCest.php', 'themXeKhachBoTrongDuLieu', 'Thêm xe khách với bỏ trống dữ liệu', 2.405),
(77, 6, 'FNBU_03', 2, 'BusCest.php', 'themXeKhachDuLieuTrung', 'Thêm xe khách với bảng số xe bị trùng', 2.47901),
(78, 6, 'FNBU_04', 2, 'BusCest.php', 'themXeKhachBoTrongBangSoXe', 'Thêm xe khách với dữ bỏ trống bảng số xe', 4.19401),
(79, 6, 'FNBU_07', 2, 'BusCest.php', 'timKiemXeFail', 'Tìm kiếm xe khách với dữ liệu sai', 4.76677),
(80, 6, 'FNBU_06', 2, 'BusCest.php', 'timKiemXeTrue', 'Tìm kiếm xe khách với dữ liệu đúng', 28.7437),
(81, 6, 'FNBU_08', 2, 'BusCest.php', 'suaXeKhachVoiDuLieuDung', 'Sửa dữ liệu xe khách với dữ liệu đúng', 4.83697),
(82, 6, 'FNBU_10', 2, 'BusCest.php', 'xoaXeKhachCancel', 'Xóa xe khách với Cancel', 6.93463),
(83, 6, 'FNBU_11', 2, 'BusCest.php', 'xoaXeKhachOK', 'Xóa xe khách với OK', 6.03556),
(84, 3, 'FNE_01', 2, 'EmployeeCest.php', 'themNVDuLieuDung', 'Thêm nhân viên với dữ liệu đúng.', 4.90846),
(85, 3, 'FNE_02', 2, 'EmployeeCest.php', 'themNVThieuEmail', 'Thêm nhân viên với bỏ trống Email.', 6.41998),
(86, 3, 'FNE_03', 2, 'EmployeeCest.php', 'themNVEmailTrung', 'Thêm nhân viên với Email bị trùng.', 4.6694),
(87, 0, 'FNE_12', 2, 'EmployeeCest.php', 'timKiemNVFail', 'Tìm kiếm nhân viên với dữ liệu sai', 4.23628),
(88, 3, 'FNE_11', 2, 'EmployeeCest.php', 'timKiemNVTrue', 'Tìm kiếm nhân viên với dữ liệu đúng', 4.71719),
(89, 3, 'FNE_13', 2, 'EmployeeCest.php', 'suaNVDuLieuDung', 'Sửa nhân viên với dữ liệu đúng.', 21.7965),
(90, 3, 'FNE_14', 2, 'EmployeeCest.php', 'suaNVThieuSdt', 'Sửa nhân viên với thiếu số điện thoại.', 21.7201),
(91, 3, 'FNE_15', 2, 'EmployeeCest.php', 'suaNVThieuCmnd', 'Sửa nhân viên với thiếu chứng minh nhân dân.', 9.19143),
(92, 3, 'FNE_20', 2, 'EmployeeCest.php', 'xoaCancel', 'Xóa nhân viên với Cancel', 5.17281),
(93, 3, 'FNE_21', 2, 'EmployeeCest.php', 'xoaOK', 'Xóa nhân viên với OK', 11.1103),
(94, 4, 'FNR_01', 2, 'RouteCest.php', 'themTuyenDuongDLDung', 'Thêm tuyến đường với dữ liệu đúng', 7.70949),
(95, 4, 'FNR_02', 2, 'RouteCest.php', 'themTuyenDuongThieuMaTuyenDuong', 'Thêm tuyến đường với bỏ trống mã tuyến đường', 6.35755),
(96, 4, 'FNR_06', 2, 'RouteCest.php', 'themTuyenDuongThieuQuangDuong', 'Thêm tuyến đường với bỏ trống quãng đường', 5.14057),
(97, 4, 'FNR_11', 2, 'RouteCest.php', 'timKiemTuyenDuongSai', 'Tìm kiếm tuyến đường với dữ liệu sai', 3.5917),
(98, 4, 'FNR_10', 2, 'RouteCest.php', 'timKiemTuyenDuongDung', 'Tìm kiếm tuyến đường với dữ liệu sai', 5.84022),
(99, 4, 'FNR_12', 2, 'RouteCest.php', 'suaTuyenDuongDLDung', 'Sửa tuyến đường với dữ liệu đúng', 8.10903),
(100, 4, 'FNR_16', 2, 'RouteCest.php', 'suaTuyenDuongThieuThoiGian', 'Sửa tuyến đường với thiếu thời gian', 8.17776),
(101, 4, 'FNR_19', 2, 'RouteCest.php', 'xoaTuyenDuongCancel', 'Xóa tuyến đường với Cancel', 5.65882),
(102, 4, 'FNR_20', 2, 'RouteCest.php', 'xoaTuyenDuongOK', 'Xóa tuyến đường với OK', 8.59227),
(103, 5, 'FNS_01', 2, 'ScheduleCest.php', 'themLoTrinhVoiDuLieuDung', 'Thêm lộ trình với dữ liệu đúng', 4.90395),
(104, 5, 'FNS_05', 2, 'ScheduleCest.php', 'timKiemLoTrinhDung', 'Tìm kiếm lộ trình với dữ liệu đúng', 3.2647),
(105, 5, 'FNS_07', 2, 'ScheduleCest.php', 'suaLoTrinhDuLieuDung', 'Sửa lộ trình với dữ liệu đúng', 7.45806),
(106, 5, 'FNS_09', 2, 'ScheduleCest.php', 'xoaLoTrinhCancel', 'Xóa lộ trình với Cancel', 7.27738),
(107, 5, 'FNS_10', 2, 'ScheduleCest.php', 'xoaLoTrinhOK', 'Xóa lộ trình với OK', 6.27293),
(108, 1, 'FNAL_05', 2, 'AdminLoginCest.php', 'logout', 'Thoát ra ngoài tài khoản Admin', 3.15871),
(109, 1, 'FNAL_01', 3, 'AdminLoginCest.php', 'loginWithUserTruePassTrue', 'Login với Username đúng, Password đúng', 3.80503),
(110, 1, 'FNAL_02', 3, 'AdminLoginCest.php', 'loginWithUserTruePassFail', 'Login với Username đúng, Password sai', 1.89945),
(111, 1, 'FNAL_03', 3, 'AdminLoginCest.php', 'loginWithUserFailPassTrue', 'Login với Username sai, Password đúng', 1.28003),
(112, 1, 'FNAL_04', 3, 'AdminLoginCest.php', 'loginWithUserFailPassFail', 'Login với Username sai, Password sai', 1.49136),
(113, 2, 'FNBI_01', 3, 'BillCest.php', 'timKiemVoiDuLieuDung', 'Tìm kiếm với dữ liệu đúng', 2.405),
(114, 2, 'FNBI_02', 3, 'BillCest.php', 'timKiemVoiDuLieuSai', 'Tìm kiếm với dữ liệu sai', 2.47901),
(115, 2, 'FNBI_03', 3, 'BillCest.php', 'duyetDonHangVoiCancel', 'Duyệt đơn hàng với Cancel', 4.19401),
(116, 2, 'FNBI_04', 3, 'BillCest.php', 'duyetDonHangVoiOK', 'Duyệt đơn hàng với OK', 4.76677),
(117, 6, 'FNBU_01', 3, 'BusCest.php', 'themXeKhachDuLieuDung', 'Thêm xe khách với dữ liệu đúng', 28.7437),
(118, 6, 'FNBU_02', 3, 'BusCest.php', 'themXeKhachBoTrongDuLieu', 'Thêm xe khách với bỏ trống dữ liệu', 4.83697),
(119, 6, 'FNBU_03', 3, 'BusCest.php', 'themXeKhachDuLieuTrung', 'Thêm xe khách với bảng số xe bị trùng', 6.93463),
(120, 6, 'FNBU_04', 3, 'BusCest.php', 'themXeKhachBoTrongBangSoXe', 'Thêm xe khách với dữ bỏ trống bảng số xe', 6.03556),
(121, 6, 'FNBU_07', 3, 'BusCest.php', 'timKiemXeFail', 'Tìm kiếm xe khách với dữ liệu sai', 4.90846),
(122, 6, 'FNBU_06', 3, 'BusCest.php', 'timKiemXeTrue', 'Tìm kiếm xe khách với dữ liệu đúng', 6.41998),
(123, 6, 'FNBU_08', 3, 'BusCest.php', 'suaXeKhachVoiDuLieuDung', 'Sửa dữ liệu xe khách với dữ liệu đúng', 7.20468),
(124, 6, 'FNBU_10', 3, 'BusCest.php', 'xoaXeKhachCancel', 'Xóa xe khách với Cancel', 4.61294),
(125, 6, 'FNBU_11', 3, 'BusCest.php', 'xoaXeKhachOK', 'Xóa xe khách với OK', 5.8159),
(126, 3, 'FNE_01', 3, 'EmployeeCest.php', 'themNVDuLieuDung', 'Thêm nhân viên với dữ liệu đúng.', 6.23247),
(127, 3, 'FNE_02', 3, 'EmployeeCest.php', 'themNVThieuEmail', 'Thêm nhân viên với bỏ trống Email.', 6.35459),
(128, 3, 'FNE_03', 3, 'EmployeeCest.php', 'themNVEmailTrung', 'Thêm nhân viên với Email bị trùng.', 4.6694),
(129, 0, 'FNE_12', 3, 'EmployeeCest.php', 'timKiemNVFail', 'Tìm kiếm nhân viên với dữ liệu sai', 4.23628),
(130, 3, 'FNE_11', 3, 'EmployeeCest.php', 'timKiemNVTrue', 'Tìm kiếm nhân viên với dữ liệu đúng', 4.71719),
(131, 3, 'FNE_13', 3, 'EmployeeCest.php', 'suaNVDuLieuDung', 'Sửa nhân viên với dữ liệu đúng.', 21.7965),
(132, 3, 'FNE_14', 3, 'EmployeeCest.php', 'suaNVThieuSdt', 'Sửa nhân viên với thiếu số điện thoại.', 21.7201),
(133, 3, 'FNE_15', 3, 'EmployeeCest.php', 'suaNVThieuCmnd', 'Sửa nhân viên với thiếu chứng minh nhân dân.', 9.19143),
(134, 3, 'FNE_20', 3, 'EmployeeCest.php', 'xoaCancel', 'Xóa nhân viên với Cancel', 5.17281),
(135, 3, 'FNE_21', 3, 'EmployeeCest.php', 'xoaOK', 'Xóa nhân viên với OK', 11.1103),
(136, 4, 'FNR_01', 3, 'RouteCest.php', 'themTuyenDuongDLDung', 'Thêm tuyến đường với dữ liệu đúng', 4.61294),
(137, 4, 'FNR_02', 3, 'RouteCest.php', 'themTuyenDuongThieuMaTuyenDuong', 'Thêm tuyến đường với bỏ trống mã tuyến đường', 5.8159),
(138, 4, 'FNR_06', 3, 'RouteCest.php', 'themTuyenDuongThieuQuangDuong', 'Thêm tuyến đường với bỏ trống quãng đường', 6.23247),
(139, 4, 'FNR_11', 3, 'RouteCest.php', 'timKiemTuyenDuongSai', 'Tìm kiếm tuyến đường với dữ liệu sai', 6.35459),
(140, 4, 'FNR_10', 3, 'RouteCest.php', 'timKiemTuyenDuongDung', 'Tìm kiếm tuyến đường với dữ liệu sai', 4.6694),
(141, 4, 'FNR_12', 3, 'RouteCest.php', 'suaTuyenDuongDLDung', 'Sửa tuyến đường với dữ liệu đúng', 4.23628),
(142, 4, 'FNR_16', 3, 'RouteCest.php', 'suaTuyenDuongThieuThoiGian', 'Sửa tuyến đường với thiếu thời gian', 4.71719),
(143, 4, 'FNR_19', 3, 'RouteCest.php', 'xoaTuyenDuongCancel', 'Xóa tuyến đường với Cancel', 21.7965),
(144, 4, 'FNR_20', 3, 'RouteCest.php', 'xoaTuyenDuongOK', 'Xóa tuyến đường với OK', 21.7201),
(145, 5, 'FNS_01', 3, 'ScheduleCest.php', 'themLoTrinhVoiDuLieuDung', 'Thêm lộ trình với dữ liệu đúng', 9.19143),
(146, 5, 'FNS_05', 3, 'ScheduleCest.php', 'timKiemLoTrinhDung', 'Tìm kiếm lộ trình với dữ liệu đúng', 5.17281),
(147, 5, 'FNS_07', 3, 'ScheduleCest.php', 'suaLoTrinhDuLieuDung', 'Sửa lộ trình với dữ liệu đúng', 11.1103),
(148, 5, 'FNS_09', 3, 'ScheduleCest.php', 'xoaLoTrinhCancel', 'Xóa lộ trình với Cancel', 7.70949),
(149, 5, 'FNS_10', 3, 'ScheduleCest.php', 'xoaLoTrinhOK', 'Xóa lộ trình với OK', 6.35755),
(150, 1, 'FNAL_05', 3, 'AdminLoginCest.php', 'logout', 'Thoát ra ngoài tài khoản Admin', 5.14057);

-- --------------------------------------------------------

--
-- Cấu trúc bảng cho bảng `result`
--

CREATE TABLE `result` (
  `id` int(100) NOT NULL,
  `version_id` int(15) NOT NULL,
  `testcase_id` varchar(100) NOT NULL,
  `result` varchar(100) NOT NULL
) ENGINE=InnoDB DEFAULT CHARSET=utf8;

--
-- Đang đổ dữ liệu cho bảng `result`
--

INSERT INTO `result` (`id`, `version_id`, `testcase_id`, `result`) VALUES
(1, 1, 'FNAL_01', 'PASS'),
(550, 1, 'FNAL_02', 'PASS'),
(551, 1, 'FNAL_03', 'PASS'),
(552, 1, 'FNAL_04', 'PASS'),
(553, 1, 'FNAL_05', 'PASS'),
(554, 1, 'FNBI_01', 'PASS'),
(555, 1, 'FNBI_02', 'PASS'),
(556, 1, 'FNBI_03', 'PASS'),
(557, 1, 'FNBI_04', 'PASS'),
(558, 1, 'FNBU_01', 'PASS'),
(559, 1, 'FNBU_02', 'FAIL'),
(560, 1, 'FNBU_03', 'PASS'),
(561, 1, 'FNBU_04', 'FAIL'),
(562, 1, 'FNBU_05', 'FAIL'),
(563, 1, 'FNBU_06', 'PASS'),
(564, 1, 'FNBU_07', 'PASS'),
(565, 1, 'FNBU_08', 'FAIL'),
(566, 1, 'FNBU_09', 'FAIL'),
(567, 1, 'FNBU_10', 'PASS'),
(568, 1, 'FNBU_11', 'PASS'),
(569, 1, 'FNE_01', 'PASS'),
(570, 1, 'FNE_02', 'PASS'),
(571, 1, 'FNE_03', 'PASS'),
(572, 1, 'FNE_04', 'PASS'),
(573, 1, 'FNE_05', 'PASS'),
(574, 1, 'FNE_06', 'PASS'),
(575, 1, 'FNE_07', 'PASS'),
(576, 1, 'FNE_08', 'PASS'),
(577, 1, 'FNE_09', 'PASS'),
(578, 1, 'FNE_10', 'PASS'),
(579, 1, 'FNE_11', 'PASS'),
(580, 1, 'FNE_12', 'PASS'),
(581, 1, 'FNE_13', 'PASS'),
(582, 1, 'FNE_14', 'PASS'),
(583, 1, 'FNE_15', 'PASS'),
(584, 1, 'FNE_16', 'PASS'),
(585, 1, 'FNE_17', 'PASS'),
(586, 1, 'FNE_18', 'PASS'),
(587, 1, 'FNE_19', 'PASS'),
(588, 1, 'FNE_20', 'PASS'),
(589, 1, 'FNE_21', 'PASS'),
(590, 1, 'FNR_01', 'PASS'),
(591, 1, 'FNR_02', 'FAIL'),
(592, 1, 'FNR_03', 'FAIL'),
(593, 1, 'FNR_04', 'FAIL'),
(594, 1, 'FNR_05', 'FAIL'),
(595, 1, 'FNR_06', 'FAIL'),
(596, 1, 'FNR_07', 'FAIL'),
(597, 1, 'FNR_08', 'FAIL'),
(598, 1, 'FNR_09', 'PASS'),
(599, 1, 'FNR_10', 'PASS'),
(600, 1, 'FNR_11', 'PASS'),
(601, 1, 'FNR_12', 'PASS'),
(602, 1, 'FNR_13', 'FAIL'),
(603, 1, 'FNR_14', 'FAIL'),
(604, 1, 'FNR_15', 'FAIL'),
(605, 1, 'FNR_16', 'FAIL'),
(606, 1, 'FNR_17', 'FAIL'),
(607, 1, 'FNR_18', 'PASS'),
(608, 1, 'FNR_19', 'FAIL'),
(609, 1, 'FNR_20', 'PASS'),
(610, 1, 'FNS_01', 'PASS'),
(611, 1, 'FNS_02', 'PASS'),
(612, 1, 'FNS_03', 'PASS'),
(613, 1, 'FNS_04', 'PASS'),
(614, 1, 'FNS_05', 'PASS'),
(615, 1, 'FNS_06', 'PASS'),
(616, 1, 'FNS_07', 'PASS'),
(617, 1, 'FNS_08', 'PASS'),
(618, 1, 'FNS_09', 'PASS'),
(619, 1, 'FNS_10', 'PASS'),
(620, 1, 'FNUBT_01', 'PASS'),
(621, 1, 'FNUBT_02', 'PASS'),
(622, 1, 'FNUBT_03', 'PASS'),
(623, 1, 'FNUBT_04', 'PASS'),
(624, 1, 'FNUBT_05', 'PASS'),
(625, 1, 'FNUBT_06', 'PASS'),
(626, 1, 'FNUBT_07', 'PASS'),
(627, 1, 'FNUBT_08', 'PASS'),
(628, 1, 'FNUI_01', 'PASS'),
(629, 1, 'FNUI_02', 'PASS'),
(630, 1, 'FNUI_03', 'PASS'),
(631, 1, 'FNUI_04', 'PASS'),
(632, 1, 'FNUI_05', 'PASS'),
(633, 1, 'FNUI_06', 'PASS'),
(634, 1, 'FNUI_07', 'PASS'),
(635, 1, 'FNUI_08', 'PASS'),
(636, 1, 'FNUI_09', 'PASS'),
(637, 1, 'FNUI_10', 'PASS'),
(638, 1, 'FNUL_01', 'PASS'),
(639, 1, 'FNUL_02', 'PASS'),
(640, 1, 'FNUL_03', 'FAIL'),
(641, 1, 'FNUL_04', 'FAIL'),
(642, 1, 'FNUL_05', 'PASS'),
(643, 1, 'FNUR_01', 'PASS'),
(644, 1, 'FNUR_02', 'PASS'),
(645, 1, 'FNUR_03', 'PASS'),
(646, 1, 'FNUR_04', 'PASS'),
(647, 1, 'FNUR_05', 'PASS'),
(648, 1, 'FNUR_06', 'PASS'),
(649, 1, 'FNUR_07', 'PASS'),
(650, 1, 'FNUR_08', 'PASS'),
(651, 1, 'FNUR_09', 'PASS'),
(652, 1, 'FNUR_10', 'PASS'),
(653, 1, 'FNUR_11', 'PASS'),
(654, 1, 'FNUR_12', 'PASS'),
(655, 1, 'FNUR_13', 'PASS'),
(656, 1, 'FNUR_14', 'PASS'),
(657, 1, 'LAZA_05', 'PASS'),
(658, 1, 'SPUL_01', 'PASS'),
(659, 1, 'SPUL_02', 'PASS'),
(660, 1, 'SPUL_03', 'PASS'),
(661, 1, 'SPUL_04', 'PASS'),
(662, 1, 'SPUL_05', 'PASS'),
(663, 1, 'SPUR_01', 'PASS'),
(664, 1, 'SPUR_02', 'PASS'),
(665, 1, 'SPUR_03', 'PASS'),
(666, 1, 'SPUR_04', 'PASS'),
(667, 1, 'SPUR_05', 'PASS'),
(668, 1, 'SPUR_06', 'PASS'),
(669, 1, 'SPUR_07', 'PASS'),
(670, 1, 'SPUR_08', 'PASS'),
(671, 1, 'SPUR_09', 'PASS'),
(672, 1, 'TKUL_01', 'PASS'),
(673, 1, 'TKUL_02', 'PASS'),
(674, 1, 'TKUL_03', 'PASS'),
(675, 1, 'TKUL_04', 'PASS'),
(676, 1, 'TKUL_05', 'PASS'),
(677, 1, 'TKUR_01', 'PASS'),
(678, 1, 'TKUR_02', 'PASS'),
(679, 1, 'TKUR_03', 'PASS'),
(680, 1, 'TKUR_04', 'PASS'),
(681, 1, 'TKUR_05', 'PASS'),
(682, 1, 'TKUR_06', 'PASS'),
(683, 1, 'TKUR_07', 'PASS'),
(684, 1, 'TKUR_08', 'PASS'),
(685, 1, 'TKUR_09', 'PASS'),
(686, 2, 'FNAL_01', 'PASS'),
(687, 2, 'FNAL_02', 'PASS'),
(688, 2, 'FNAL_03', 'PASS'),
(689, 2, 'FNAL_04', 'PASS'),
(690, 2, 'FNAL_05', 'PASS'),
(691, 2, 'FNBI_01', 'PASS'),
(692, 2, 'FNBI_02', 'PASS'),
(693, 2, 'FNBI_03', 'PASS'),
(694, 2, 'FNBI_04', 'PASS'),
(695, 2, 'FNBU_01', 'PASS'),
(696, 2, 'FNBU_02', 'FAIL'),
(697, 2, 'FNBU_03', 'PASS'),
(698, 2, 'FNBU_04', 'FAIL'),
(699, 2, 'FNBU_05', 'FAIL'),
(700, 2, 'FNBU_06', 'PASS'),
(701, 2, 'FNBU_07', 'PASS'),
(702, 2, 'FNBU_08', 'FAIL'),
(703, 2, 'FNBU_09', 'FAIL'),
(704, 2, 'FNBU_10', 'PASS'),
(705, 2, 'FNBU_11', 'PASS'),
(706, 2, 'FNE_01', 'PASS'),
(707, 2, 'FNE_02', 'PASS'),
(708, 2, 'FNE_03', 'PASS'),
(709, 2, 'FNE_04', 'PASS'),
(710, 2, 'FNE_05', 'PASS'),
(711, 2, 'FNE_06', 'PASS'),
(712, 2, 'FNE_07', 'PASS'),
(713, 2, 'FNE_08', 'PASS'),
(714, 2, 'FNE_09', 'PASS'),
(715, 2, 'FNE_10', 'PASS'),
(716, 2, 'FNE_11', 'PASS'),
(717, 2, 'FNE_12', 'PASS'),
(718, 2, 'FNE_13', 'PASS'),
(719, 2, 'FNE_14', 'PASS'),
(720, 2, 'FNE_15', 'PASS'),
(721, 2, 'FNE_16', 'PASS'),
(722, 2, 'FNE_17', 'PASS'),
(723, 2, 'FNE_18', 'PASS'),
(724, 2, 'FNE_19', 'PASS'),
(725, 2, 'FNE_20', 'PASS'),
(726, 2, 'FNE_21', 'PASS'),
(727, 2, 'FNR_01', 'PASS'),
(728, 2, 'FNR_02', 'FAIL'),
(729, 2, 'FNR_03', 'FAIL'),
(730, 2, 'FNR_04', 'FAIL'),
(731, 2, 'FNR_05', 'FAIL'),
(732, 2, 'FNR_06', 'FAIL'),
(733, 2, 'FNR_07', 'FAIL'),
(734, 2, 'FNR_08', 'FAIL'),
(735, 2, 'FNR_09', 'PASS'),
(736, 2, 'FNR_10', 'PASS'),
(737, 2, 'FNR_11', 'PASS'),
(738, 2, 'FNR_12', 'PASS'),
(739, 2, 'FNR_13', 'FAIL'),
(740, 2, 'FNR_14', 'FAIL'),
(741, 2, 'FNR_15', 'FAIL'),
(742, 2, 'FNR_16', 'FAIL'),
(743, 2, 'FNR_17', 'FAIL'),
(744, 2, 'FNR_18', 'PASS'),
(745, 2, 'FNR_19', 'PASS'),
(746, 2, 'FNR_20', 'PASS'),
(747, 2, 'FNS_01', 'PASS'),
(748, 2, 'FNS_02', 'PASS'),
(749, 2, 'FNS_03', 'PASS'),
(750, 2, 'FNS_04', 'PASS'),
(751, 2, 'FNS_05', 'PASS'),
(752, 2, 'FNS_06', 'PASS'),
(753, 2, 'FNS_07', 'PASS'),
(754, 2, 'FNS_08', 'PASS'),
(755, 2, 'FNS_09', 'PASS'),
(756, 2, 'FNS_10', 'PASS'),
(757, 2, 'FNUBT_01', 'PASS'),
(758, 2, 'FNUBT_02', 'PASS'),
(759, 2, 'FNUBT_03', 'PASS'),
(760, 2, 'FNUBT_04', 'PASS'),
(761, 2, 'FNUBT_05', 'PASS'),
(762, 2, 'FNUBT_06', 'PASS'),
(763, 2, 'FNUBT_07', 'PASS'),
(764, 2, 'FNUBT_08', 'PASS'),
(765, 2, 'FNUI_01', 'PASS'),
(766, 2, 'FNUI_02', 'PASS'),
(767, 2, 'FNUI_03', 'PASS'),
(768, 2, 'FNUI_04', 'PASS'),
(769, 2, 'FNUI_05', 'PASS'),
(770, 2, 'FNUI_06', 'PASS'),
(771, 2, 'FNUI_07', 'PASS'),
(772, 2, 'FNUI_08', 'PASS'),
(773, 2, 'FNUI_09', 'PASS'),
(774, 2, 'FNUI_10', 'PASS'),
(775, 2, 'FNUL_01', 'PASS'),
(776, 2, 'FNUL_02', 'PASS'),
(777, 2, 'FNUL_03', 'FAIL'),
(778, 2, 'FNUL_04', 'FAIL'),
(779, 2, 'FNUL_05', 'PASS'),
(780, 2, 'FNUR_01', 'PASS'),
(781, 2, 'FNUR_02', 'PASS'),
(782, 2, 'FNUR_03', 'PASS'),
(783, 2, 'FNUR_04', 'PASS'),
(784, 2, 'FNUR_05', 'PASS'),
(785, 2, 'FNUR_06', 'PASS'),
(786, 2, 'FNUR_07', 'PASS'),
(787, 2, 'FNUR_08', 'PASS'),
(788, 2, 'FNUR_09', 'PASS'),
(789, 2, 'FNUR_10', 'PASS'),
(790, 2, 'FNUR_11', 'PASS'),
(791, 2, 'FNUR_12', 'PASS'),
(792, 2, 'FNUR_13', 'PASS'),
(793, 2, 'FNUR_14', 'PASS'),
(794, 2, 'LAZA_05', 'PASS'),
(795, 2, 'SPUL_01', 'PASS'),
(796, 2, 'SPUL_02', 'PASS'),
(797, 2, 'SPUL_03', 'PASS'),
(798, 2, 'SPUL_04', 'PASS'),
(799, 2, 'SPUL_05', 'PASS'),
(800, 2, 'SPUR_01', 'PASS'),
(801, 2, 'SPUR_02', 'PASS'),
(802, 2, 'SPUR_03', 'PASS'),
(803, 2, 'SPUR_04', 'PASS'),
(804, 2, 'SPUR_05', 'PASS'),
(805, 2, 'SPUR_06', 'PASS'),
(806, 2, 'SPUR_07', 'PASS'),
(807, 2, 'SPUR_08', 'PASS'),
(808, 2, 'SPUR_09', 'PASS'),
(809, 2, 'TKUL_01', 'PASS'),
(810, 2, 'TKUL_02', 'PASS'),
(811, 2, 'TKUL_03', 'PASS'),
(812, 2, 'TKUL_04', 'PASS'),
(814, 2, 'TKUR_01', 'PASS'),
(815, 2, 'TKUR_02', 'PASS'),
(816, 2, 'TKUR_03', 'PASS'),
(817, 2, 'TKUR_04', 'PASS'),
(818, 2, 'TKUR_05', 'PASS'),
(819, 2, 'TKUR_06', 'PASS'),
(820, 2, 'TKUR_07', 'PASS'),
(821, 2, 'TKUR_08', 'PASS'),
(822, 2, 'TKUR_09', 'PASS'),
(823, 3, 'FNAL_01', 'PASS'),
(824, 3, 'FNAL_02', 'PASS'),
(825, 3, 'FNAL_03', 'PASS'),
(826, 3, 'FNAL_04', 'PASS'),
(827, 3, 'FNAL_05', 'PASS'),
(828, 3, 'FNBI_01', 'PASS'),
(829, 3, 'FNBI_02', 'PASS'),
(830, 3, 'FNBI_03', 'PASS'),
(831, 3, 'FNBI_04', 'PASS'),
(832, 3, 'FNBU_01', 'PASS'),
(833, 3, 'FNBU_02', 'PASS'),
(834, 3, 'FNBU_03', 'PASS'),
(835, 3, 'FNBU_04', 'PASS'),
(836, 3, 'FNBU_05', 'PASS'),
(837, 3, 'FNBU_06', 'PASS'),
(838, 3, 'FNBU_07', 'PASS'),
(839, 3, 'FNBU_08', 'PASS'),
(840, 3, 'FNBU_09', 'PASS'),
(841, 3, 'FNBU_10', 'PASS'),
(842, 3, 'FNBU_11', 'PASS'),
(843, 3, 'FNE_01', 'PASS'),
(844, 3, 'FNE_02', 'PASS'),
(845, 3, 'FNE_03', 'PASS'),
(846, 3, 'FNE_04', 'PASS'),
(847, 3, 'FNE_05', 'PASS'),
(848, 3, 'FNE_06', 'PASS'),
(849, 3, 'FNE_07', 'PASS'),
(850, 3, 'FNE_08', 'PASS'),
(851, 3, 'FNE_09', 'PASS'),
(852, 3, 'FNE_10', 'PASS'),
(853, 3, 'FNE_11', 'PASS'),
(854, 3, 'FNE_12', 'PASS'),
(855, 3, 'FNE_13', 'PASS'),
(856, 3, 'FNE_14', 'PASS'),
(857, 3, 'FNE_15', 'PASS'),
(858, 3, 'FNE_16', 'PASS'),
(859, 3, 'FNE_17', 'PASS'),
(860, 3, 'FNE_18', 'PASS'),
(861, 3, 'FNE_19', 'PASS'),
(862, 3, 'FNE_20', 'PASS'),
(863, 3, 'FNE_21', 'PASS'),
(864, 3, 'FNR_01', 'PASS'),
(865, 3, 'FNR_02', 'PASS'),
(866, 3, 'FNR_03', 'PASS'),
(867, 3, 'FNR_04', 'PASS'),
(868, 3, 'FNR_05', 'PASS'),
(869, 3, 'FNR_06', 'PASS'),
(870, 3, 'FNR_07', 'PASS'),
(871, 3, 'FNR_08', 'PASS'),
(872, 3, 'FNR_09', 'PASS'),
(873, 3, 'FNR_10', 'PASS'),
(874, 3, 'FNR_11', 'PASS'),
(875, 3, 'FNR_12', 'PASS'),
(876, 3, 'FNR_13', 'PASS'),
(877, 3, 'FNR_14', 'PASS'),
(878, 3, 'FNR_15', 'PASS'),
(879, 3, 'FNR_16', 'PASS'),
(880, 3, 'FNR_17', 'PASS'),
(881, 3, 'FNR_18', 'PASS'),
(882, 3, 'FNR_19', 'PASS'),
(883, 3, 'FNR_20', 'PASS'),
(884, 3, 'FNS_01', 'PASS'),
(885, 3, 'FNS_02', 'PASS'),
(886, 3, 'FNS_03', 'PASS'),
(887, 3, 'FNS_04', 'PASS'),
(888, 3, 'FNS_05', 'PASS'),
(889, 3, 'FNS_06', 'PASS'),
(890, 3, 'FNS_07', 'PASS'),
(891, 3, 'FNS_08', 'PASS'),
(892, 3, 'FNS_09', 'PASS'),
(893, 3, 'FNS_10', 'PASS'),
(894, 3, 'FNUBT_01', 'PASS'),
(895, 3, 'FNUBT_02', 'PASS'),
(896, 3, 'FNUBT_03', 'PASS'),
(897, 3, 'FNUBT_04', 'PASS'),
(898, 3, 'FNUBT_05', 'PASS'),
(899, 3, 'FNUBT_06', 'PASS'),
(900, 3, 'FNUBT_07', 'PASS'),
(901, 3, 'FNUBT_08', 'PASS'),
(902, 3, 'FNUI_01', 'PASS'),
(903, 3, 'FNUI_02', 'PASS'),
(904, 3, 'FNUI_03', 'PASS'),
(905, 3, 'FNUI_04', 'PASS'),
(906, 3, 'FNUI_05', 'PASS'),
(907, 3, 'FNUI_06', 'PASS'),
(908, 3, 'FNUI_07', 'PASS'),
(909, 3, 'FNUI_08', 'PASS'),
(910, 3, 'FNUI_09', 'PASS'),
(911, 3, 'FNUI_10', 'PASS'),
(912, 3, 'FNUL_01', 'PASS'),
(913, 3, 'FNUL_02', 'PASS'),
(914, 3, 'FNUL_03', 'PASS'),
(915, 3, 'FNUL_04', 'PASS'),
(916, 3, 'FNUL_05', 'PASS'),
(917, 3, 'FNUR_01', 'PASS'),
(918, 3, 'FNUR_02', 'PASS'),
(919, 3, 'FNUR_03', 'PASS'),
(920, 3, 'FNUR_04', 'PASS'),
(921, 3, 'FNUR_05', 'PASS'),
(922, 3, 'FNUR_06', 'PASS'),
(923, 3, 'FNUR_07', 'PASS'),
(924, 3, 'FNUR_08', 'PASS'),
(925, 3, 'FNUR_09', 'PASS'),
(926, 3, 'FNUR_10', 'PASS'),
(927, 3, 'FNUR_11', 'PASS'),
(928, 3, 'FNUR_12', 'PASS'),
(929, 3, 'FNUR_13', 'PASS'),
(930, 3, 'FNUR_14', 'PASS'),
(931, 3, 'LAZA_05', 'PASS'),
(932, 3, 'SPUL_01', 'PASS'),
(933, 3, 'SPUL_02', 'PASS'),
(934, 3, 'SPUL_03', 'PASS'),
(935, 3, 'SPUL_04', 'PASS'),
(936, 3, 'SPUL_05', 'PASS'),
(937, 3, 'SPUR_01', 'PASS'),
(938, 3, 'SPUR_02', 'PASS'),
(939, 3, 'SPUR_03', 'PASS'),
(940, 3, 'SPUR_04', 'PASS'),
(941, 3, 'SPUR_05', 'PASS'),
(942, 3, 'SPUR_06', 'PASS'),
(943, 3, 'SPUR_07', 'PASS'),
(944, 3, 'SPUR_08', 'PASS'),
(945, 3, 'SPUR_09', 'PASS'),
(946, 3, 'TKUL_01', 'PASS'),
(947, 3, 'TKUL_02', 'PASS'),
(948, 3, 'TKUL_03', 'PASS'),
(949, 3, 'TKUL_04', 'PASS'),
(950, 3, 'TKUL_05', 'PASS'),
(951, 3, 'TKUR_01', 'PASS'),
(952, 3, 'TKUR_02', 'PASS'),
(953, 3, 'TKUR_03', 'PASS'),
(954, 3, 'TKUR_04', 'PASS'),
(955, 3, 'TKUR_05', 'PASS'),
(956, 3, 'TKUR_06', 'PASS'),
(957, 3, 'TKUR_07', 'PASS'),
(958, 3, 'TKUR_08', 'PASS'),
(959, 3, 'TKUR_09', 'PASS');

-- --------------------------------------------------------

--
-- Cấu trúc bảng cho bảng `testcase`
--

CREATE TABLE `testcase` (
  `id` varchar(15) NOT NULL,
  `function_id` int(11) NOT NULL,
  `name_of_testcase` varchar(200) DEFAULT NULL,
  `description` varchar(200) NOT NULL
) ENGINE=InnoDB DEFAULT CHARSET=utf8;

--
-- Đang đổ dữ liệu cho bảng `testcase`
--

INSERT INTO `testcase` (`id`, `function_id`, `name_of_testcase`, `description`) VALUES
('b123', 6, 'add bus', 'thêm xe bus thành công'),
('FNAL_01', 1, 'Admin login with user true, pass true', 'Test chuc nang login cua Admin voi username đung, password true'),
('FNAL_02', 1, 'Admin login with user true, pass fail', 'Test chuc nang login cua Admin voi username đung, password sai'),
('FNAL_03', 1, 'Admin login with user fail, pass true', 'Test chuc nang login cua Admin voi usernam sai, password dung'),
('FNAL_04', 1, 'Admin login with user fail, pass fail', 'Test chuc nang login cua Admin voi username sai, password sai'),
('FNAL_05', 1, 'Admin logout', 'Test chuc nang logout cua Admin'),
('FNBI_01', 2, 'Search bill with verify data', 'Test chuc nang tim kiem bill voi du lieu dung'),
('FNBI_02', 2, 'Search bill with data is wrong', 'Test chuc nang tim kiem bill voi du lieu sai'),
('FNBI_03', 2, 'Order an order have status is \"Đang chờ duyệt\" with Cancel', 'Test chuc nang duyet don hang co status la \"Dang cho duyet\" voi Cancel'),
('FNBI_04', 2, 'Order an order have status is \"Đang chờ duyệt\" with OK', 'Test chuc nang duyet don hang co status la \"Dang cho duyet\" voi OK'),
('FNBU_01', 6, 'Add new bus with verify data', 'Test chuc nang them xe khach voi du lieu dung'),
('FNBU_02', 6, 'Add new bus with missing data', 'Test chuc nang them xe khach voi bo trong du lieu'),
('FNBU_03', 6, 'Add new bus with duplicate data', 'Test chuc nang them xe khach voi du lieu bi trung'),
('FNBU_04', 6, 'Add new bus with mising license plates', 'Test chuc nang them xe khach voi bo trong bang so xe'),
('FNBU_05', 6, 'Add new bus with missing seats', 'Test chuc nang them xe khach voi bo trong so ghe'),
('FNBU_06', 6, 'Search bus with verify data', 'Test chuc nang tim xe khach voi du lieu dung'),
('FNBU_07', 6, 'Search bus with data is wrong', 'Test chuc nang tim xe khach voi du lieu sai'),
('FNBU_08', 6, 'Edit bus with verify data', 'Test chuc nang sua thong tin xe khach voi du lieu dung'),
('FNBU_09', 6, 'Edit bus with duplicate data', 'Test chuc nang sua thong tin xe khach voi du lieu bi trung'),
('FNBU_10', 6, 'Delete bus with Cancel', 'Test chuc nang xoa se khach voi Cancel'),
('FNBU_11', 6, 'Delete bus with OK', 'Test chuc nang xoa se khach voi OK'),
('FNE_01', 3, 'Create new employee with verify data', 'Test chuc nang tao nhan vien moi voi du lieu du va dung'),
('FNE_02', 3, 'Create new employee with missing email', 'Test chuc nang tao nhan vien moi voi bo trong email'),
('FNE_03', 3, 'Create new employee with duplicate email', 'Test chuc nang tao nhan vien moi voi email bi trung'),
('FNE_04', 3, 'Create new employee with missing name', 'Test chuc nang tao nhan vien moi voi bo trong ten'),
('FNE_05', 3, 'Create new employee with missing phone', 'Test chuc nang tao nhan vien moi voi bo trong so dien thoai'),
('FNE_06', 3, 'Create new employee with missing identity card', 'Test chuc nang tao nhan vien moi voi bo trong so chung minh nhan dan'),
('FNE_07', 3, 'Create new employee with missing address', 'Test chuc nang tao nhan vien moi voi bo trong dia chi'),
('FNE_08', 3, 'Create new employee with missing password', 'Test chuc nang tao nhan vien moi voi bo trong mat khau'),
('FNE_09', 3, 'Create new employee with missing confirm password', 'Test chuc nang tao nhan vien moi voi bo trong xac nhan mat khau'),
('FNE_10', 3, 'Create new employee with missing confirm password is wrong', 'Test chuc nang tao nhan vien moi voi xac nhan mat khau sai'),
('FNE_11', 3, 'Search Employee with verify data', 'Test chuc nang tim kiem nhan vien voi du lieu dung'),
('FNE_12', 3, 'Search Employee with data wrong', 'Test chuc nang tim kiem nhan vien voi du lieu sai'),
('FNE_13', 3, 'Edit employee with verify data', 'Test chuc nang sua nhan vien voi du lieu dung'),
('FNE_14', 3, 'Edit employee with missing phone', 'Test chuc nang sua nhan vien voi bo trong so dien thoai'),
('FNE_15', 3, 'Edit employee with identify card', 'Test chuc nang sua nhan vien voi bo trong so chung minh nhan dan'),
('FNE_16', 3, 'Edit employee with missing address', 'Test chuc nang sua nhan vien voi bo trong dia chi'),
('FNE_17', 3, 'Edit employee with missing pass', 'Test chuc nang sua nhan vien voi bo trong mat khau'),
('FNE_18', 3, 'Edit employee with missing confirm pass', 'Test chuc nang sua nhan vien voi bo trong xac nhan mat khau'),
('FNE_19', 3, 'Edit employee with missing confirm pass is wrong', 'Test chuc nang sua nhan vien voi xac nhan mat khau sai'),
('FNE_20', 3, 'Delete employee with Cancel', 'Test chuc nang xoa nhan vien voi Cancel'),
('FNE_21', 3, 'Delete employee with OK', 'Test chuc nang xoa nhan vien voi OK'),
('FNR_01', 4, 'Add new route with verify data', 'Test chuc nang them tuyen duong voi du lieu dung'),
('FNR_02', 4, 'Add new route with missing code route', 'Test chuc nang them tuyen duong voi bo trong ma tuyen duong'),
('FNR_03', 4, 'Add new route with duplicate code route', 'Test chuc nang them tuyen duong voi ma tuyen duong bi trung'),
('FNR_04', 4, 'Add new route with missing where to', 'Test chuc nang them tuyen duong voi bo trong ben den'),
('FNR_05', 4, 'Add new route with missing where start', 'Test chuc nang them tuyen duong voi bo trong ben di'),
('FNR_06', 4, 'Add new route with missing length', 'Test chuc nang them tuyen duong voi bo trong quang duong'),
('FNR_07', 4, 'Add new route with missing time', 'Test chuc nang them tuyen duong voi bo trong thoi gian'),
('FNR_08', 4, 'Add new route with time is wrong', 'Test chuc nang them tuyen duong voi thoi gian sai dinh dang'),
('FNR_09', 4, 'Add new route with missing prices', 'Test chuc nang them tuyen duong voi bo trong gia ve'),
('FNR_10', 4, 'Search route with verify data', 'Test chuc nang tim kiem tuyen duong voi du lieu dung'),
('FNR_11', 4, 'Search route with data is wrong', 'Test chuc nang tim kiem tuyen duong voi du lieu sai'),
('FNR_12', 4, 'Edit route with verify data', 'Test chuc nang sua tuyen duong voi du lieu dung'),
('FNR_13', 4, 'Edit route with missing where to', 'Test chuc nang sua tuyen duong voi bo trong ben den'),
('FNR_14', 4, 'Edit route with missing where start', 'Test chuc nang sua tuyen duong voi bo trong ben di'),
('FNR_15', 4, 'Edit route with missing length', 'Test chuc nang sua tuyen duong voi bo trong quang duong'),
('FNR_16', 4, 'Edit route with missing time', 'Test chuc nang sua tuyen duong voi bo trong thoi gian'),
('FNR_17', 4, 'Edit route with time is wrong', 'Test chuc nang sua tuyen duong voi thoi gian sai dinh dang'),
('FNR_18', 4, 'Edit route with missing prices', 'Test chuc nang sua tuyen duong voi bo trong gia ve'),
('FNR_19', 4, 'Delete route with Cancel', 'Test chuc nang xoa tuyen duong voi Cancel'),
('FNR_20', 4, 'Delete route with OK', 'Test chuc nang xoa tuyen duong voi OK'),
('FNS_01', 5, 'Add new schedule with verify data', 'Test chuc nang them lo trinh voi du lieu dung'),
('FNS_02', 5, 'Add new schedule with duplicate data', 'Test chuc nang them lo trinh voi du lieu trung'),
('FNS_03', 5, 'Add new schedule with duplicate code route', 'Test chuc nang them lo trinh voi ma tuyen duong bi trung'),
('FNS_04', 5, 'Add new schedule with duplicate license plates', 'Test chuc nang them lo trinh voi bang so xe bi trung'),
('FNS_05', 5, 'Search schedule with verify data', 'Test chuc nang tim kiem voi du lieu dung'),
('FNS_06', 5, 'Search schedule with data is wrong', 'Test chuc nang tim kiem voi du lieu sai'),
('FNS_07', 5, 'Edit schedule with verify data', 'Test chuc nang sua lo trinh voi du lieu dung'),
('FNS_08', 5, 'Edit schedule with duplicate data', 'Test chuc nang sua lo trinh voi du lieu bi trung'),
('FNS_09', 5, 'Delete schedule with Cancel', 'Test chuc nang xoa du lieu voi Cance'),
('FNS_10', 5, 'Delete schedule with OK', 'Test chuc nang xoa du lieu voi OK'),
('FNUBT_01', 10, 'Edit user book ticket with not login and missing number of ticket', 'Test chuc nang dat ve voi user chua login va bo trong so ve'),
('FNUBT_02', 10, 'Edit user book ticket with not login and number of ticket smaller than 0', 'Test chuc nang dat ve voi user chua login va nhap so ve nho hon 0'),
('FNUBT_03', 10, 'Edit user book ticket with not login number of ticket bigger than number of seats', 'Test chuc nang dat ve voi user chua login va nhap so ve lon hon so ghe'),
('FNUBT_04', 10, 'Edit user book ticket with not login verify data', 'Test chuc nang dat ve voi user chua login va nhap so ve hop le'),
('FNUBT_05', 10, 'Edit user book ticket with login success and missing number of ticket', 'Test chuc nang dat ve voi user da login va bo trong so ve'),
('FNUBT_06', 10, 'Edit user book ticket with login success and number of ticket smaller than 0', 'Test chuc nang dat ve voi user da login va nhap so ve nho hon 0'),
('FNUBT_07', 10, 'Edit user book ticket with login success number of ticket bigger than number of seats', 'Test chuc nang dat ve voi user da login va nhap so ve lon hon so ghe'),
('FNUBT_08', 10, 'Edit user book ticket with login success verify data', 'Test chuc nang dat ve voi user da login va nhap so ve hop le'),
('FNUI_01', 9, 'Edit user with verify data', 'Test chuc nang sua thong tin cua user voi du lieu dung'),
('FNUI_02', 9, 'Edit user with missing name', 'Test chuc nang sua thong tin cua user voi bo trong ho ten'),
('FNUI_03', 9, 'Edit user with missing phone', 'Test chuc nang sua thong tin cua user voi bo trong so dien thoai'),
('FNUI_04', 9, 'Edit user with phone is wrong', 'Test chuc nang sua thong tin cua user voi so dien thoai sai dinh dang'),
('FNUI_05', 9, 'Edit user with missing identify card', 'Test chuc nang sua thong tin cua user voi bo trong so chung minh nhan dan'),
('FNUI_06', 9, 'Edit user with identify card is wrong', 'Test chuc nang sua thong tin cua user voi so chung minh nhan dan sai dinh dang'),
('FNUI_07', 9, 'Edit user with missing address', 'Test chuc nang sua thong tin cua user voi bo trong dia chi'),
('FNUI_08', 9, 'Edit user with missing password', 'Test chuc nang sua thong tin cua user voi bo trong mat khau'),
('FNUI_09', 9, 'Edit user with missing confirm password', 'Test chuc nang sua thong tin cua user voi bo trong xac nhan mat khau'),
('FNUI_10', 9, 'Edit user with confirm password is wrong', 'Test chuc nang sua thong tin cua user voi xac nhan mat khau sai'),
('FNUL_01', 8, 'User login with user true, pass true', 'Test chuc nang login cua user voi usernam dung, password dung'),
('FNUL_02', 8, 'User login with user true, pass fail', 'Test chuc nang login cua user voi usernam dung, password sai'),
('FNUL_03', 8, 'User login with user fail, pass true', 'Test chuc nang login cua user voi username sai, password dung'),
('FNUL_04', 8, 'User login with user fail, pass fail', 'Test chuc nang login cua user voi username sai, password sai'),
('FNUL_05', 8, 'User logout', 'Test chuc nang logout cua user'),
('FNUR_01', 7, 'Register user with verify data', 'Test chuc nang dang ki cua user voi du lieu dung'),
('FNUR_02', 7, 'Register user with missing data', 'Test chuc nang dang ki cua user voi bo trong du lieu'),
('FNUR_03', 7, 'Resgister user with missing name', 'Test chuc nang dang ki cua user voi bo trong ho ten'),
('FNUR_04', 7, 'Register user with missing email', 'Test chuc nang dang ki cua user voi bo trong email'),
('FNUR_05', 7, 'Register user with email is wrong', 'Test chuc nang dang ki cua user voi email sai dinh dang'),
('FNUR_06', 7, 'Register user with duplicate email', 'Test chuc nang dang ki cua user voi email bi trung'),
('FNUR_07', 7, 'Register user with missing phone', 'Test chuc nang dang ki cua user voi bo trong so dien thoai'),
('FNUR_08', 7, 'Register user with phone is wrong', 'Test chuc nang dang ki cua user voi so dien thoai sai dinh dang'),
('FNUR_09', 7, 'Resgister user with missing identity card', 'Test chuc nang dang ki cua user voi bo trong so chung minh nhan dan'),
('FNUR_10', 7, 'Resgister user with identity card is wrong', 'Test chuc nang dang ki cua user voi so chung minh nhan dan sai dinh dang'),
('FNUR_11', 7, 'Resgister user with missing address', 'Test chuc nang dang ki cua user voi bo trong dia chi'),
('FNUR_12', 7, 'Resgister user with missing password', 'Test chuc nang dang ki cua user voi bo trong mat khau'),
('FNUR_13', 7, 'Resgister user with missing confirm password', 'Test chuc nang dang ki cua user voi bo trong xac nhan mat khau'),
('FNUR_14', 7, 'Resgister user with confirm password is wrong', 'Test chuc nang dang ki cua user voi xac nhan mat khau sai'),
('hanh', 22, 'admin123', 'admin123'),
('SPUL_01', 12, 'User login with user true, pass true', 'Test chuc nang login cua user voi usernam dung, password dung'),
('SPUL_02', 12, 'User login with user true, pass fail', 'Test chuc nang login cua user voi usernam dung, password sai'),
('SPUL_03', 12, 'User login with user fail, pass true', 'Test chuc nang login cua user voi username sai, password dung'),
('SPUL_04', 12, 'User login with user fail, pass fail', 'Test chuc nang login cua user voi username sai, password sai'),
('SPUL_05', 12, 'User logout', 'Test chuc nang logout cua user'),
('SPUR_01', 11, 'Register user with verify data', 'Test chuc nang dang ki cua user voi du lieu dung'),
('SPUR_02', 11, 'Register user with missing data', 'Test chuc nang dang ki cua user voi bo trong du lieu'),
('SPUR_03', 11, 'Resgister user with missing phone', 'Test chuc nang dang ki cua user voi bo trong so dien thoai'),
('SPUR_04', 11, 'Register user with missing maxacnhan', 'Test chuc nang dang ki cua user voi bo trong ma xac nhan'),
('SPUR_05', 11, 'Register user with missing username', 'Test chuc nang dang ki cua user voi bo trong ten dang nhap'),
('SPUR_06', 11, 'Register user with missing password', 'Test chuc nang dang ki cua user voi bo trong  mat khau'),
('SPUR_07', 11, 'Register user with missing confirm password', 'Test chuc nang dang ki cua user voi bo trong xac nhan mat khau'),
('SPUR_08', 11, 'Resgister user with confirm password is wrong', 'Test chuc nang dang ki cua user voi xac nhan mat khau sai'),
('SPUR_09', 11, 'Resgister user with missing captcha', 'Test chuc nang dang ki cua user voi bo trong captcha'),
('test', 22, 'admin', 'admin'),
('TKUL_01', 15, 'User login with user true, pass true', 'Test chuc nang login cua user voi usernam dung, password dung'),
('TKUL_02', 15, 'User login with user true, pass fail', 'Test chuc nang login cua user voi usernam dung, password sai'),
('TKUL_03', 15, 'User login with user fail, pass true', 'Test chuc nang login cua user voi username sai, password dung'),
('TKUL_04', 15, 'User login with user fail, pass fail', 'Test chuc nang login cua user voi username sai, password sai'),
('TKUL_05', 15, 'User logout', 'Test chuc nang logout cua user'),
('TKUR_01', 14, 'Register user with verify data', 'Test chuc nang dang ki cua user voi du lieu dung'),
('TKUR_02', 14, 'Register user with missing data', 'Test chuc nang dang ki cua user voi bo trong du lieu'),
('TKUR_03', 14, 'Resgister user with missing phone', 'Test chuc nang dang ki cua user voi bo trong so dien thoai'),
('TKUR_04', 14, 'Register user with missing maxacnhan', 'Test chuc nang dang ki cua user voi bo trong ma xac nhan'),
('TKUR_05', 14, 'Register user with missing name', 'Test chuc nang dang ki cua user voi bo trong ten dang nhap'),
('TKUR_06', 14, 'Register user with missing password', 'Test chuc nang dang ki cua user voi bo trong  mat khau'),
('TKUR_07', 14, 'Register user with missing email', 'Test chuc nang dang ki cua user voi bo trong  email'),
('TKUR_08', 14, 'Register user with missing birthday', 'Test chuc nang dang ki cua user voi bo trong  ngay sinh'),
('TKUR_09', 14, 'Register user with missing gender', 'Test chuc nang dang ki cua user voi bo trong  gioi tinh'),
('ul123', 15, 'login', 'login true');

-- --------------------------------------------------------

--
-- Cấu trúc bảng cho bảng `testscript`
--

CREATE TABLE `testscript` (
  `id` int(11) NOT NULL,
  `testcase_id` varchar(15) NOT NULL,
  `actions` varchar(100) NOT NULL,
  `steps` varchar(200) NOT NULL,
  `items` varchar(200) NOT NULL,
  `values_input` varchar(200) DEFAULT NULL,
  `lable` varchar(250) NOT NULL
) ENGINE=InnoDB DEFAULT CHARSET=utf8;

--
-- Đang đổ dữ liệu cho bảng `testscript`
--

INSERT INTO `testscript` (`id`, `testcase_id`, `actions`, `steps`, `items`, `values_input`, `lable`) VALUES
(1, 'FNAL_01', 'am on page', 'Đứng tại trang', 'url = \'/Admin/ADLogin\'', 'url = \'/Admin/ADLogin\'', 'URL'),
(2, 'FNAL_01', 'fillField', 'Nhập username', '[\'id\' => \'Email\']', '\'nguyentrang0912@gmail.com\'', 'Email'),
(3, 'FNAL_01', 'fillField', 'Nhập password', '[\'id\' => \'Password\']', '\'123\'', 'Password'),
(4, 'FNAL_01', 'click', 'Nhấn button login', '[\'xpath\'=>\'//button[contains(@class, \\\'btn-block btndn\\\')]\']', '<null>', ''),
(5, 'FNAL_01', 'am on page', 'Chuyển đến trang Tuyến Đường của Admin', 'url = \'/Admin/ADTuyenDuong\'', '', ''),
(6, 'FNAL_02', 'am on page', 'Đứng tại trang', 'url = \'/Admin/ADLogin\'', 'url = \'/Admin/ADLogin\'', 'URL'),
(7, 'FNAL_02', 'fillField', 'Nhập username', '[\'id\' => \'Email\']', '\'nguyentrang0912@gmail.com\'', 'Email'),
(8, 'FNAL_02', 'fillField', 'Nhập password', '[\'id\' => \'Password\']', '\'555\'', 'Password'),
(9, 'FNAL_02', 'click', 'Nhấn button login', '[\'xpath\'=>\'//button[contains(@class, \\\'btn-block btndn\\\')]\']', '<null>', ''),
(10, 'FNAL_02', 'see', 'Thông báo', '\'Mat khau khong dung\'', '<null>', ''),
(11, 'FNAL_03', 'am on page', 'Đứng tại trang', 'url = \'/Admin/ADLogin\'', 'url = \'/Admin/ADLogin\'', 'URL'),
(12, 'FNAL_03', 'fillField', 'Nhập username', '[\'id\' => \'Email\']', '\'phammai@gmail.com\'', 'Email'),
(13, 'FNAL_03', 'fillField', 'Nhập password', '[\'id\' => \'Password\']', '\'123\'', 'Password'),
(14, 'FNAL_03', 'click', 'Nhấn button login', '[\'xpath\'=>\'//button[contains(@class, \\\'btn-block btndn\\\')]\']', '<null>', ''),
(15, 'FNAL_03', 'see', 'Thông báo', '\'Ten dang nhap khong ton tai\'', '<null>', ''),
(16, 'FNAL_04', 'am on page', 'Đứng tại trang', 'url = \'/Admin/ADLogin\'', 'url = \'/Admin/ADLogin\'', 'URL'),
(17, 'FNAL_04', 'fillField', 'Nhập username', '[\'id\' => \'Email\']', '\'phammai@gmail.com\'', 'Email'),
(18, 'FNAL_04', 'fillField', 'Nhập password', '[\'id\' => \'Password\']', '\'abc123\'', 'Password'),
(19, 'FNAL_04', 'see', 'Thông báo', '\'Ten dang nhap khong ton tai\'', '<null>', ''),
(20, 'FNAL_05', 'am on page', 'Đứng tại trang', 'url = \'/Admin/ADLogin\'', 'url = \'/Admin/ADLogin\'', 'URL'),
(21, 'FNAL_05', 'fillField', 'Nhập username', '[\'id\' => \'Email\']', '\'nguyentrang0912@gmail.com\'', 'Email'),
(22, 'FNAL_05', 'fillField', 'Nhập password', '[\'id\' => \'Password\']', '\'123\'', 'Password'),
(23, 'FNAL_05', 'click', 'Nhấn button login', '[\'xpath\'=>\'//button[contains(@class, \\\'btn-block btndn\\\')]\']', '<null>', ''),
(24, 'FNAL_05', 'click', 'Nhấn icon User', '[\'xpath\'=>\'//i[contains(@class, \\\'fa-3x\\\')]\']', '<null>', ''),
(25, 'FNAL_05', 'click', 'Nhấn button Logout', '[\'xpath\' => \'//a[contains(@href, \\\'/Admin/ADLogin/LogOut\\\')]\']', '<null>', ''),
(26, 'FNAL_06', 'am on page', 'Đứng tại trang', 'url = \'/Admin/ADLogin\'', 'url = \'/Admin/ADLogin\'', 'URL'),
(27, 'FNAL_06', 'fillField', 'Nhập username', '[\'id\' => \'Email\']', '\'nguyentrang0912@gmail.com\'', 'Email'),
(28, 'FNAL_06', 'fillField', 'Nhập password', '[\'id\' => \'Password\']', '\'123\'', 'Password'),
(29, 'FNAL_06', 'click', 'Nhấn button login', '[\'xpath\'=>\'//button[contains(@class, \\\'btn-block btndn\\\')]\']', '<null>', ''),
(30, 'FNAL_06', 'click', 'Nhấn icon User', '[\'xpath\'=>\'//i[contains(@class, \\\'fa-3x\\\')]\']', '<null>', ''),
(31, 'FNAL_06', 'click', 'Nhấn tên của Admin', '[\'xpath\' => \'//a[contains(@href, \\\'/Admin/ADNhanVien/XemThongTin\\\')]\']', '<null>', ''),
(32, 'FNAL_06', 'click ', 'Nhấn button Cập nhật', '[\'xpath\' => \'//input[contains(@class, \\\'btn-default\\\')]\']', '<null>', ''),
(33, 'FNAL_06', 'see ', 'Thông báo', '\'vui long nhap mat khau\'', '<null>', ''),
(34, 'FNAL_07', 'am on page', 'Đứng tại trang', 'url = \'/Admin/ADLogin\'', 'url = \'/Admin/ADLogin\'', 'URL'),
(35, 'FNAL_07', 'fillField', 'Nhập username', '[\'id\' => \'Email\']', '\'nguyentrang0912@gmail.com\'', 'Email'),
(36, 'FNAL_07', 'fillField', 'Nhập password', '[\'id\' => \'Password\']', '\'123\'', 'Password'),
(37, 'FNAL_07', 'click', 'Nhấn button login', '[\'xpath\'=>\'//button[contains(@class, \\\'btn-block btndn\\\')]\']', NULL, ''),
(38, 'FNAL_07', 'click', 'Nhấn icon User', '[\'xpath\'=>\'//i[contains(@class, \\\'fa-3x\\\')]\']', NULL, ''),
(39, 'FNAL_07', 'click', 'Nhấn tên của Admin', '[\'xpath\' => \'//a[contains(@href, \\\'/Admin/ADNhanVien/XemThongTin\\\')]\']', NULL, ''),
(40, 'FNAL_07', 'fillField', 'Nhập Tên Nhân Viên', '[\'id\' => \'TENNV\']', '\'Pham Hanh\'', 'tenNV'),
(41, 'FNAL_07', 'fillField', 'Nhập SDT', '[\'id\' => \'SDT_NV\']', '\'123456789\'', 'sdtNV'),
(42, 'FNAL_07', 'fillField', 'Nhập số CMND', '[\'id\' => \'CMND_NV\']', '\'168584895\'', 'cmndNV'),
(43, 'FNAL_07', 'fillField', 'Nhập địa chỉ', '[\'id\' => \'DIACHI_NV\']', '\'Phu Ly, Ha Nam\'', 'diachiNV'),
(44, 'FNAL_07', 'fillField', 'Nhập mật khẩu', '[\'id\' => \'MATKHAU\']', '\'123\'', 'matkhau'),
(45, 'FNAL_07', 'fillField', 'Nhập Confirm Pass', '[\'id\' => \'CONFIRM_PASS\']', '\'123\'', 'xacnhanmatkhau'),
(46, 'FNAL_07', 'click ', 'Nhấn button Cập nhật', '[\'xpath\' => \'//input[contains(@class, \\\'btn-default\\\')]\']', NULL, ''),
(47, 'FNAL_07', 'see ', 'Thông báo', '\'Cap nhat thanh cong thong tin ca nhan\'', NULL, ''),
(48, 'FNAL_08', 'am on page', 'Đứng tại trang', 'url = \'/Admin/ADLogin\'', 'url = \'/Admin/ADLogin\'', 'URL'),
(49, 'FNAL_08', 'fillField', 'Nhập username', '[\'id\' => \'Email\']', '\'nguyentrang0912@gmail.com\'', 'Email'),
(50, 'FNAL_08', 'fillField', 'Nhập password', '[\'id\' => \'Password\']', '\'123\'', 'Password'),
(51, 'FNAL_08', 'click', 'Nhấn tên của Admin', '[\'xpath\' => \'//a[contains(@href, \\\'/Admin/ADNhanVien/XemThongTin\\\')]\']', NULL, ''),
(52, 'FNAL_08', 'click', 'Nhấn button login', '[\'xpath\'=>\'//button[contains(@class, \\\'btn-block btndn\\\')]\']', NULL, ''),
(53, 'FNAL_08', 'click', 'Nhấn icon User', '[\'xpath\'=>\'//i[contains(@class, \\\'fa-3x\\\')]\']', NULL, ''),
(54, 'FNAL_08', 'fillField', 'Nhập Tên Nhân Viên', '[\'id\' => \'TENNV\']', '\'Pham Hanh\'', 'tenNV'),
(55, 'FNAL_08', 'fillField', 'Nhập SDT', '[\'id\' => \'SDT_NV\']', '\'0123456789\'', 'sdtNV'),
(56, 'FNAL_08', 'fillField', 'Nhập số CMND', '[\'id\' => \'CMND_NV\']', '\'168584895\'', 'cmndNV'),
(57, 'FNAL_08', 'fillField', 'Nhập địa chỉ', '[\'id\' => \'DIACHI_NV\']', 'Phu Ly, Ha Nam', 'diachiNV'),
(58, 'FNAL_08', 'fillField', 'Nhập Confirm Pass', '[\'id\' => \'CONFIRM_PASS\']', '\'123\'', 'xacnhanmatkhau'),
(59, 'FNAL_08', 'see', 'Thông báo', '\'vui long nhap mat khau\'', NULL, ''),
(60, 'FNAL_08', 'click ', 'Nhấn button Cập nhật', '[\'xpath\' => \'//input[contains(@class, \\\'btn-default\\\')]\']', NULL, ''),
(61, 'FNAL_09', 'am on page', 'Đứng tại trang', 'url = \'/Admin/ADLogin\'', 'url = \'/Admin/ADLogin\'', 'URL'),
(62, 'FNAL_09', 'fillField', 'Nhập username', '[\'id\' => \'Email\']', '\'nguyentrang0912@gmail.com\'', 'Email'),
(63, 'FNAL_09', 'fillField', 'Nhập password', '[\'id\' => \'Password\']', '\'123\'', 'Password'),
(64, 'FNAL_09', 'click', 'Nhấn button login', '[\'xpath\'=>\'//button[contains(@class, \\\'btn-block btndn\\\')]\']', NULL, ''),
(65, 'FNAL_09', 'click', 'Nhấn icon User', '[\'xpath\'=>\'//i[contains(@class, \\\'fa-3x\\\')]\']', NULL, ''),
(66, 'FNAL_09', 'click', 'Nhấn tên của Admin', '[\'xpath\' => \'//a[contains(@href, \\\'/Admin/ADNhanVien/XemThongTin\\\')]\']', NULL, ''),
(67, 'FNAL_09', 'fillField', 'Nhập Tên Nhân Viên', '[\'id\' => \'TENNV\']', '\'Pham Hanh\'', 'tenNV'),
(68, 'FNAL_09', 'fillField', 'Nhập SDT', '[\'id\' => \'SDT_NV\']', '\'0123456789\'', 'sdtNV'),
(69, 'FNAL_09', 'fillField', 'Nhập số CMND', '[\'id\' => \'CMND_NV\']', '\'168584895\'', 'cmndNV'),
(70, 'FNAL_09', 'fillField', 'Nhập địa chỉ', '[\'id\' => \'DIACHI_NV\']', '\'Phu Ly, Ha Nam\'', 'diachiNV'),
(71, 'FNAL_09', 'fillField', 'Nhập Password', '[\'id\' => \'MATKHAU\']', '\'123\'', 'matkhau'),
(72, 'FNAL_09', 'click ', 'Nhấn button Cập nhật', '[\'xpath\' => \'//input[contains(@class, \\\'btn-default\\\')]\']', NULL, ''),
(73, 'FNAL_09', 'see', 'Thông báo', '\'vui long nhap xac nhan mat khau\'', NULL, ''),
(74, 'FNAL_10', 'am on page', 'Đứng tại trang', 'url = \'/Admin/ADLogin\'', 'url = \'/Admin/ADLogin\'', 'URL'),
(75, 'FNAL_10', 'fillField', 'Nhập username', '[\'id\' => \'Email\']', '\'nguyentrang0912@gmail.com\'', 'Email'),
(76, 'FNAL_10', 'fillField', 'Nhập password', '[\'id\' => \'Password\']', '\'123\'', 'Password'),
(77, 'FNAL_10', 'click', 'Nhấn button login', '[\'xpath\'=>\'//button[contains(@class, \\\'btn-block btndn\\\')]\']', NULL, ''),
(78, 'FNAL_10', 'click', 'Nhấn icon User', '[\'xpath\'=>\'//i[contains(@class, \\\'fa-3x\\\')]\']', NULL, ''),
(79, 'FNAL_10', 'click', 'Nhấn tên của Admin', '[\'xpath\' => \'//a[contains(@href, \\\'/Admin/ADNhanVien/XemThongTin\\\')]\']', NULL, ''),
(80, 'FNAL_10', 'fillField', 'Nhập Tên Nhân Viên', '[\'id\' => \'TENNV\']', '\'Pham Hanh\'', 'tenNV'),
(81, 'FNAL_10', 'fillField', 'Nhập SDT', '[\'id\' => \'SDT_NV\']', '\'0123456789\'', 'sdtNV'),
(82, 'FNAL_10', 'fillField', 'Nhập số CMND', '[\'id\' => \'CMND_NV\']', '\'168584895\'', 'cmndNV'),
(83, 'FNAL_10', 'fillField', 'Nhập địa chỉ', '[\'id\' => \'DIACHI_NV\']', '\'Phu Ly, Ha Nam\'', 'diachiNV'),
(84, 'FNAL_10', 'fillField', 'Nhập Password', '[\'id\' => \'MATKHAU\']', '\'123\'', 'matkhau'),
(85, 'FNAL_10', 'fillField', 'Nhập Confirm Pass', '[\'id\' => \'CONFIRM_PASS\']', '\'abc123\'', 'xacnhanmatkhau'),
(86, 'FNAL_10', 'click ', 'Nhấn button Cập nhật', '[\'xpath\' => \'//input[contains(@class, \\\'btn-default\\\')]\']', NULL, ''),
(87, 'FNAL_10', 'see', 'Thông báo', '\'Xac nhan mat khau khong dung\'', NULL, ''),
(88, 'FNBI_01', 'am on page', 'Đứng tại trang', 'url = \'/Admin/ADLogin\'', 'url = \'/Admin/ADLogin\'', 'URL'),
(89, 'FNBI_01', 'fillField', 'Nhập username', '[\'id\' => \'Email\']', '\'nguyentrang0912@gmail.com\'', 'Email'),
(90, 'FNBI_01', 'fillField', 'Nhập password', '[\'id\' => \'Password\']', '\'123\'', 'Password'),
(91, 'FNBI_01', 'click', 'Nhấn button login', '[\'xpath\'=>\'//button[contains(@class, \\\'btn-block btndn\\\')]\']', NULL, ''),
(92, 'FNBI_01', 'am on page', 'Đứng tại trang', 'url = \'/Admin/ADDonHang\'', 'url = \'/Admin/ADDonHang\'', 'URL'),
(93, 'FNBI_01', 'fillField', 'Điền dữ liệu tìm kiếm', '[\'xpath\' => \'//input[contains(@class, \\\' input-sm\\\')]\']', '\'3096\'', 'Search'),
(94, 'FNBI_02', 'am on page', 'Đứng tại trang', 'url = \'/Admin/ADLogin\'', 'url = \'/Admin/ADLogin\'', 'URL'),
(95, 'FNBI_02', 'fillField', 'Nhập username', '[\'id\' => \'Email\']', '\'nguyentrang0912@gmail.com\'', 'Email'),
(96, 'FNBI_02', 'fillField', 'Nhập password', '[\'id\' => \'Password\']', '\'123\'', 'Password'),
(97, 'FNBI_02', 'click', 'Nhấn button login', '[\'xpath\'=>\'//button[contains(@class, \\\'btn-block btndn\\\')]\']', NULL, ''),
(98, 'FNBI_02', 'am on page', 'Đứng tại trang', 'url = \'/Admin/ADDonHang\'', 'url = \'/Admin/ADDonHang\'', 'URL'),
(99, 'FNBI_02', 'fillField', 'Điền dữ liệu tìm kiếm', '[\'xpath\' => \'//input[contains(@class, \\\' input-sm\\\')]\']', '\'30967\'', 'Search'),
(100, 'FNBI_02', 'see', 'Thông báo', '\'Không tìm thấy kết quả\'', NULL, ''),
(101, 'FNBI_03', 'am on page', 'Đứng tại trang', 'url = \'/Admin/ADLogin\'', 'url = \'/Admin/ADLogin\'', 'URL'),
(102, 'FNBI_03', 'fillField', 'Nhập username', '[\'id\' => \'Email\']', '\'nguyentrang0912@gmail.com\'', 'Email'),
(103, 'FNBI_03', 'fillField', 'Nhập password', '[\'id\' => \'Password\']', '\'123\'', 'Password'),
(104, 'FNBI_03', 'click', 'Nhấn button login', '[\'xpath\'=>\'//button[contains(@class, \\\'btn-block btndn\\\')]\']', NULL, ''),
(105, 'FNBI_03', 'am on page', 'Đứng tại trang', 'url = \'/Admin/ADDonHang\'', 'url = \'/Admin/ADDonHang\'', 'URL'),
(106, 'FNBI_03', 'fillField', 'Điền dữ liệu tìm kiếm', '[\'xpath\' => \'//input[contains(@class, \\\' input-sm\\\')]\']', '\'3096\'', 'Search'),
(107, 'FNBI_03', 'click', 'Nhấn icon chỉnh sửa dữ liệu', '[\'xpath\' => \'//i[contains(@class, \\\' fa-check\\\')]\']', NULL, ''),
(108, 'FNBI_03', 'click', 'Nhấn button hủy', '[\'xpath\' => \'//button[contains(@class, \\\'btn-default\\\')]\']', NULL, ''),
(109, 'FNBI_04', 'am on page', 'Đứng tại trang', 'url = \'/Admin/ADLogin\'', 'url = \'/Admin/ADLogin\'', 'URL'),
(110, 'FNBI_04', 'fillField', 'Nhập username', '[\'id\' => \'Email\']', '\'nguyentrang0912@gmail.com\'', 'Email'),
(111, 'FNBI_04', 'fillField', 'Nhập password', '[\'id\' => \'Password\']', '\'123\'', 'Password'),
(112, 'FNBI_04', 'click', 'Nhấn button login', '[\'xpath\'=>\'//button[contains(@class, \\\'btn-block btndn\\\')]\']', NULL, ''),
(113, 'FNBI_04', 'am on page', 'Đứng tại trang', 'url = \'/Admin/ADDonHang\'', 'url = \'/Admin/ADDonHang\'', 'URL'),
(114, 'FNBI_04', 'fillField', 'Điền dữ liệu tìm kiếm', '[\'xpath\' => \'//input[contains(@class, \\\' input-sm\\\')]\']', '\'3096\'', 'Search'),
(115, 'FNBI_04', 'click', 'Nhấn icon chỉnh sửa dữ liệu', '[\'xpath\' => \'//i[contains(@class, \\\' fa-check\\\')]\']', NULL, ''),
(116, 'FNBI_04', 'click', 'Nhấn button tiếp tục', '[\'xpath\' => \'//button[contains(@class, \\\'btn-primary\\\')]\']', NULL, ''),
(117, 'FNBI_04', 'see', 'Thông báo', '\'duyệt thành công\'', NULL, ''),
(118, 'FNE_01', 'am on page', 'Đứng tại trang', 'url = \'/Admin/ADLogin\'', 'url = \'/Admin/ADLogin\'', 'URL'),
(119, 'FNE_01', 'fillField', 'Nhập username', '[\'id\' => \'Email\']', '\'nguyentrang0912@gmail.com\'', 'Email'),
(120, 'FNE_01', 'fillField', 'Nhập password', '[\'id\' => \'Password\']', '\'123\'', 'Password'),
(121, 'FNE_01', 'click', 'Nhấn button login', '[\'xpath\'=>\'//button[contains(@class, \\\'btn-block btndn\\\')]\']', NULL, ''),
(122, 'FNE_01', 'am on page', 'Đứng tại trang', 'url = \'/Admin/ADNhanVien\'', 'url = \'/Admin/ADNhanVien\'', 'URL'),
(123, 'FNE_01', 'click', 'Nhấn button Thêm mới', '[\'xpath\' => \'//a[contains(@class, \\\'btn-primary\\\')]\']', NULL, ''),
(124, 'FNE_01', 'fillField', 'Nhập email', '[\'id\' => \'EMAIL_NV\']', '\'hanhhanhhanh@gmail.com\'', ''),
(125, 'FNE_01', 'fillField', 'Nhập tên nhân viên', '[\'id\' => \'TENNV\']', '\'HanhPham\'', 'tenNV'),
(126, 'FNE_01', 'fillField', 'Nhập số điện thoại', '[\'id\' => \'SDT_NV\']', '\'01664943652\'', 'sdtNV'),
(127, 'FNE_01', 'fillField', 'Nhập số chứng minh nhân dân', '[\'id\' => \'CMND_NV\']', '\'168956687\'', 'cmndNV'),
(128, 'FNE_01', 'fillField', 'Nhập địa chỉ', '[\'id\' => \'DIACHI_NV\']', '\'Ha Nam\'', 'diachiNV'),
(129, 'FNE_01', 'fillField', 'Nhập mật khẩu', '[\'id\' => \'MATKHAU\']', '\'123\'', 'matkhau'),
(130, 'FNE_01', 'fillField', 'Nhập confirm pass', '[\'id\' => \'CONFIRM_PASS\']', '\'123\'', 'xacnhanmatkhau'),
(131, 'FNE_01', 'click', 'Nhấn button thêm', '[\'xpath\' => \'//input[contains(@class, \\\'btn-default\\\')]\']', NULL, ''),
(132, 'FNE_01', 'see', 'Thông báo', '\'Them thanh cong nhan vien\'', NULL, ''),
(133, 'FNE_02', 'am on page', 'Đứng tại trang', 'url = \'/Admin/ADLogin\'', 'url = \'/Admin/ADLogin\'', 'URL'),
(134, 'FNE_02', 'fillField', 'Nhập username', '[\'id\' => \'Email\']', '\'nguyentrang0912@gmail.com\'', 'Email'),
(135, 'FNE_02', 'fillField', 'Nhập password', '[\'id\' => \'Password\']', '\'123\'', 'Password'),
(136, 'FNE_02', 'click', 'Nhấn button login', '[\'xpath\'=>\'//button[contains(@class, \\\'btn-block btndn\\\')]\']', NULL, ''),
(137, 'FNE_02', 'am on page', 'Đứng tại trang', 'url = \'/Admin/ADNhanVien\'', 'url = \'/Admin/ADNhanVien\'', 'URL'),
(138, 'FNE_02', 'click', 'Nhấn button Thêm mới', '[\'xpath\' => \'//a[contains(@class, \\\'btn-primary\\\')]\']', NULL, ''),
(139, 'FNE_02', 'fillField', 'Nhập tên nhân viên', '[\'id\' => \'TENNV\']', '\'HanhPham\'', 'tenNV'),
(140, 'FNE_02', 'fillField', 'Nhập số điện thoại', '[\'id\' => \'SDT_NV\']', '\'01664943652\'', 'sdtNV'),
(141, 'FNE_02', 'fillField', 'Nhập số chứng minh nhân dân', '[\'id\' => \'CMND_NV\']', '\'168956687\'', 'cmndNV'),
(142, 'FNE_02', 'fillField', 'Nhập địa chỉ', '[\'id\' => \'DIACHI_NV\']', '\'Ha Nam\'', 'diachiNV'),
(143, 'FNE_02', 'fillField', 'Nhập mật khẩu', '[\'id\' => \'MATKHAU\']', '\'123\'', 'matkhau'),
(144, 'FNE_02', 'fillField', 'Nhập confirm pass', '[\'id\' => \'CONFIRM_PASS\']', '\'123\'', 'xacnhanmatkhau'),
(145, 'FNE_02', 'click', 'Nhấn button thêm', '[\'xpath\' => \'//input[contains(@class, \\\'btn-default\\\')]\']', NULL, ''),
(146, 'FNE_02', 'see', 'Thông báo', '\'Vui long nhap E-Mail\'', NULL, ''),
(147, 'FNE_03', 'am on page', 'Đứng tại trang', 'url = \'/Admin/ADLogin\'', 'url = \'/Admin/ADLogin\'', 'URL'),
(148, 'FNE_03', 'fillField', 'Nhập username', '[\'id\' => \'Email\']', '\'nguyentrang0912@gmail.com\'', 'Email'),
(149, 'FNE_03', 'fillField', 'Nhập password', '[\'id\' => \'Password\']', '\'123\'', 'Password'),
(150, 'FNE_03', 'click', 'Nhấn button login', '[\'xpath\'=>\'//button[contains(@class, \\\'btn-block btndn\\\')]\']', NULL, ''),
(151, 'FNE_03', 'am on page', 'Đứng tại trang', 'url = \'/Admin/ADNhanVien\'', 'url = \'/Admin/ADNhanVien\'', 'URL'),
(152, 'FNE_03', 'click', 'Nhấn button Thêm mới', '[\'xpath\' => \'//a[contains(@class, \\\'btn-primary\\\')]\']', NULL, ''),
(153, 'FNE_03', 'fillField', 'Nhập email', '[\'id\' => \'EMAIL_NV\']', '\'hanh@gmail.com\'', ''),
(154, 'FNE_03', 'fillField', 'Nhập tên nhân viên', '[\'id\' => \'TENNV\']', '\'HanhPham\'', 'tenNV'),
(155, 'FNE_03', 'fillField', 'Nhập số điện thoại', '[\'id\' => \'SDT_NV\']', '\'01664943652\'', 'sdtNV'),
(156, 'FNE_03', 'fillField', 'Nhập số chứng minh nhân dân', '[\'id\' => \'CMND_NV\']', '\'168956687\'', 'cmndNV'),
(157, 'FNE_03', 'fillField', 'Nhập địa chỉ', '[\'id\' => \'DIACHI_NV\']', '\'Ha Nam\'', 'diachiNV'),
(158, 'FNE_03', 'fillField', 'Nhập mật khẩu', '[\'id\' => \'MATKHAU\']', '\'123\'', 'matkhau'),
(159, 'FNE_03', 'fillField', 'Nhập confirm pass', '[\'id\' => \'CONFIRM_PASS\']', '\'123\'', 'xacnhanmatkhau'),
(160, 'FNE_03', 'click', 'Nhấn button thêm', '[\'xpath\' => \'//input[contains(@class, \\\'btn-default\\\')]\']', NULL, ''),
(161, 'FNE_03', 'see', 'Thông báo', '\'Email nhan vien bi trung\'', NULL, ''),
(162, 'FNE_11', 'am on page', 'Đứng tại trang', 'url = \'/Admin/ADLogin\'', 'url = \'/Admin/ADLogin\'', 'URL'),
(163, 'FNE_11', 'fillField', 'Nhập username', '[\'id\' => \'Email\']', '\'nguyentrang0912@gmail.com\'', 'Email'),
(164, 'FNE_11', 'fillField', 'Nhập password', '[\'id\' => \'Password\']', '\'123\'', 'Password'),
(165, 'FNE_11', 'click', 'Nhấn button login', '[\'xpath\'=>\'//button[contains(@class, \\\'btn-block btndn\\\')]\']', NULL, ''),
(166, 'FNE_11', 'am on page', 'Đứng tại trang', 'url = \'/Admin/ADNhanVien\'', 'url = \'/Admin/ADNhanVien\'', 'URL'),
(167, 'FNE_11', 'fillField', 'Điền dữ liệu tìm kiếm', '[\'xpath\' => \'//input[contains(@class, \\\' input-sm\\\')]\']', '\'doan@gmail.com\'', 'Search'),
(168, 'FNE_12', 'am on page', 'Đứng tại trang', 'url = \'/Admin/ADLogin\'', 'url = \'/Admin/ADLogin\'', 'URL'),
(169, 'FNE_12', 'fillField', 'Nhập username', '[\'id\' => \'Email\']', '\'nguyentrang0912@gmail.com\'', 'Email'),
(170, 'FNE_12', 'fillField', 'Nhập password', '[\'id\' => \'Password\']', '\'123\'', 'Password'),
(171, 'FNE_12', 'click', 'Nhấn button login', '[\'xpath\'=>\'//button[contains(@class, \\\'btn-block btndn\\\')]\']', NULL, ''),
(172, 'FNE_12', 'am on page', 'Đứng tại trang', 'url = \'/Admin/ADNhanVien\'', 'url = \'/Admin/ADNhanVien\'', 'URL'),
(173, 'FNE_12', 'fillField', 'Điền dữ liệu tìm kiếm', '[\'xpath\' => \'//input[contains(@class, \\\' input-sm\\\')]\']', '\'trang@gmail.com\'', 'Search'),
(174, 'FNE_12', 'see', 'Thông báo', '\'Không tìm thấy kết quả\'', NULL, ''),
(175, 'FNE_13', 'am on page', 'Đứng tại trang', 'url = \'/Admin/ADLogin\'', 'url = \'/Admin/ADLogin\'', 'URL'),
(176, 'FNE_13', 'fillField', 'Nhập username', '[\'id\' => \'Email\']', '\'nguyentrang0912@gmail.com\'', 'Email'),
(177, 'FNE_13', 'fillField', 'Nhập password', '[\'id\' => \'Password\']', '\'123\'', 'Password'),
(178, 'FNE_13', 'click', 'Nhấn button login', '[\'xpath\'=>\'//button[contains(@class, \\\'btn-block btndn\\\')]\']', NULL, ''),
(179, 'FNE_13', 'am on page', 'Đứng tại trang', 'url = \'/Admin/ADNhanVien\'', 'url = \'/Admin/ADNhanVien\'', 'URL'),
(180, 'FNE_13', 'fillField', 'Điền dữ liệu tìm kiếm', '[\'xpath\' => \'//input[contains(@class, \\\' input-sm\\\')]\']', '\'hanhhanhhanh@gmail.com\'', 'Search'),
(181, 'FNE_13', 'click', 'Nhấn button sửa', '[\'xpath\' => \'//a[contains(@class, \\\'btn-default\\\')]\']', NULL, ''),
(182, 'FNE_13', 'fillField', 'Nhập email', '[\'id\' => \'EMAIL_NV\']', '\'phamhanh0410@gmail.com\'', ''),
(183, 'FNE_13', 'fillField', 'Nhập tên nhân viên', '[\'id\' => \'TENNV\']', '\'HanhHana\'', 'tenNV'),
(184, 'FNE_13', 'fillField', 'Nhập số điện thoại', '[\'id\' => \'SDT_NV\']', '\'01664944444\'', 'sdtNV'),
(185, 'FNE_13', 'fillField', 'Nhập số chứng minh nhân dân', '[\'id\' => \'CMND_NV\']', '\'168956699\'', 'cmndNV'),
(186, 'FNE_13', 'fillField', 'Nhập địa chỉ', '[\'id\' => \'DIACHI_NV\']', '\'Ha Noi\'', 'diachiNV'),
(187, 'FNE_13', 'fillField', 'Nhập mật khẩu', '[\'id\' => \'MATKHAU\']', '\'123\'', 'matkhau'),
(188, 'FNE_13', 'fillField', 'Nhập confirm pass', '[\'id\' => \'CONFIRM_PASS\']', '\'123\'', 'xacnhanmatkhau'),
(189, 'FNE_13', 'click', 'Nhấn button cập nhật', '[\'xpath\' => \'//input[contains(@class, \\\'btn-default\\\')]\']', NULL, ''),
(190, 'FNE_13', 'see', 'Thông báo', '\'Cap nha thanh cong Nhan Vien\'', NULL, ''),
(191, 'FNE_14', 'am on page', 'Đứng tại trang', 'url = \'/Admin/ADLogin\'', 'url = \'/Admin/ADLogin\'', 'URL'),
(192, 'FNE_14', 'fillField', 'Nhập username', '[\'id\' => \'Email\']', '\'nguyentrang0912@gmail.com\'', 'Email'),
(193, 'FNE_14', 'fillField', 'Nhập password', '[\'id\' => \'Password\']', '\'123\'', 'Password'),
(194, 'FNE_14', 'click', 'Nhấn button login', '[\'xpath\'=>\'//button[contains(@class, \\\'btn-block btndn\\\')]\']', NULL, ''),
(195, 'FNE_14', 'am on page', 'Đứng tại trang', 'url = \'/Admin/ADNhanVien\'', 'url = \'/Admin/ADNhanVien\'', 'URL'),
(196, 'FNE_14', 'fillField', 'Điền dữ liệu tìm kiếm', '[\'xpath\' => \'//input[contains(@class, \\\' input-sm\\\')]\']', '\'hanhhanhhanh@gmail.com\'', 'Search'),
(197, 'FNE_14', 'click', 'Nhấn button sửa', '[\'xpath\' => \'//a[contains(@class, \\\'btn-default\\\')]\']', NULL, ''),
(198, 'FNE_14', 'fillField', 'Nhập tên nhân viên', '[\'id\' => \'TENNV\']', '\'HanhHana\'', 'tenNV'),
(199, 'FNE_14', 'fillField', 'Nhập số chứng minh nhân dân', '[\'id\' => \'CMND_NV\']', '\'1689566987\'', 'cmndNV'),
(200, 'FNE_14', 'fillField', 'Nhập địa chỉ', '[\'id\' => \'DIACHI_NV\']', '\'Ha Noi\'', 'diachiNV'),
(201, 'FNE_14', 'fillField', 'Nhập mật khẩu', '[\'id\' => \'MATKHAU\']', '\'123\'', 'matkhau'),
(202, 'FNE_14', 'see', 'Thông báo', '\' vui long nhap so DT\'', NULL, ''),
(203, 'FNE_15', 'am on page', 'Đứng tại trang', 'url = \'/Admin/ADLogin\'', 'url = \'/Admin/ADLogin\'', 'URL'),
(204, 'FNE_14', 'fillField', 'Nhập confirm pass', '[\'id\' => \'CONFIRM_PASS\']', '\'123\'', 'xacnhanmatkhau'),
(205, 'FNE_15', 'fillField', 'Nhập username', '[\'id\' => \'Email\']', '\'nguyentrang0912@gmail.com\'', 'Email'),
(206, 'FNE_14', 'click', 'Nhấn button cập nhật', '[\'xpath\' => \'//input[contains(@class, \\\'btn-default\\\')]\']', NULL, ''),
(207, 'FNE_15', 'fillField', 'Nhập password', '[\'id\' => \'Password\']', '\'123\'', 'Password'),
(208, 'FNE_15', 'click', 'Nhấn button login', '[\'xpath\'=>\'//button[contains(@class, \\\'btn-block btndn\\\')]\']', NULL, ''),
(209, 'FNE_15', 'am on page', 'Đứng tại trang', 'url = \'/Admin/ADNhanVien\'', 'url = \'/Admin/ADNhanVien\'', 'URL'),
(210, 'FNE_15', 'fillField', 'Điền dữ liệu tìm kiếm', '[\'xpath\' => \'//input[contains(@class, \\\' input-sm\\\')]\']', '\'hanhhanhhanh@gmail.com\'', 'Search'),
(211, 'FNE_15', 'click', 'Nhấn button sửa', '[\'xpath\' => \'//a[contains(@class, \\\'btn-default\\\')]\']', NULL, ''),
(212, 'FNE_15', 'fillField', 'Nhập tên nhân viên', '[\'id\' => \'TENNV\']', '\'HanhHana\'', 'tenNV'),
(213, 'FNE_15', 'fillField', 'Nhập số điện thoại', '[\'id\' => \'SDT_NV\']', '\'1664944444\'', 'sdtNV'),
(214, 'FNE_15', 'fillField', 'Nhập địa chỉ', '[\'id\' => \'DIACHI_NV\']', '\'Ha Noi\'', 'diachiNV'),
(215, 'FNE_15', 'fillField', 'Nhập mật khẩu', '[\'id\' => \'MATKHAU\']', '\'123\'', 'matkhau'),
(216, 'FNE_15', 'fillField', 'Nhập confirm pass', '[\'id\' => \'CONFIRM_PASS\']', '\'123\'', 'xacnhanmatkhau'),
(217, 'FNE_15', 'click', 'Nhấn button cập nhật', '[\'xpath\' => \'//input[contains(@class, \\\'btn-default\\\')]\']', NULL, ''),
(218, 'FNE_15', 'see', 'Thông báo', '\'Vui long nhap chung minh nhan dan\'', NULL, ''),
(219, 'FNE_20', 'am on page', 'Đứng tại trang', 'url = \'/Admin/ADLogin\'', 'url = \'/Admin/ADLogin\'', 'URL'),
(220, 'FNE_20', 'fillField', 'Nhập username', '[\'id\' => \'Email\']', '\'nguyentrang0912@gmail.com\'', 'Email'),
(221, 'FNE_20', 'fillField', 'Nhập password', '[\'id\' => \'Password\']', '\'123\'', 'Password'),
(222, 'FNE_20', 'click', 'Nhấn button login', '[\'xpath\'=>\'//button[contains(@class, \\\'btn-block btndn\\\')]\']', NULL, ''),
(223, 'FNE_20', 'am on page', 'Đứng tại trang', 'url = \'/Admin/ADNhanVien\'', 'url = \'/Admin/ADNhanVien\'', 'URL'),
(224, 'FNE_20', 'fillField', 'Điền dữ liệu tìm kiếm', '[\'xpath\' => \'//input[contains(@class, \\\' input-sm\\\')]\']', '\'hanhhanhhanh@gmail.com\'', 'Search'),
(225, 'FNE_20', 'click', 'Nhấn button Xóa', '[\'xpath\' => \'//a[contains(@class, \\\' btn-danger\\\')]\']', NULL, ''),
(226, 'FNE_20', 'see', 'Thông báo', '\'Bạn có muốn xóa mục này không?\'', NULL, ''),
(227, 'FNE_20', 'click', 'Nhấn button hủy', '[\'xpath\' => \'//button[contains(@class, \\\'btn-default\\\')]\']', NULL, ''),
(228, 'FNE_21', 'am on page', 'Đứng tại trang', 'url = \'/Admin/ADLogin\'', 'url = \'/Admin/ADLogin\'', 'URL'),
(229, 'FNE_21', 'fillField', 'Nhập username', '[\'id\' => \'Email\']', '\'nguyentrang0912@gmail.com\'', 'Email'),
(230, 'FNE_21', 'fillField', 'Nhập password', '[\'id\' => \'Password\']', '\'123\'', 'Password'),
(231, 'FNE_21', 'click', 'Nhấn button login', '[\'xpath\'=>\'//button[contains(@class, \\\'btn-block btndn\\\')]\']', NULL, ''),
(232, 'FNE_21', 'am on page', 'Đứng tại trang', 'url = \'/Admin/ADNhanVien\'', 'url = \'/Admin/ADNhanVien\'', 'URL'),
(233, 'FNE_21', 'fillField', 'Điền dữ liệu tìm kiếm', '[\'xpath\' => \'//input[contains(@class, \\\' input-sm\\\')]\']', '\'hanhhanhhanh@gmail.com\'', 'Search'),
(234, 'FNE_21', 'click', 'Nhấn button Xóa', '[\'xpath\' => \'//a[contains(@class, \\\' btn-danger\\\')]\']', NULL, ''),
(235, 'FNE_21', 'see', 'Thông báo', '\'Bạn có muốn xóa mục này không?\'', NULL, ''),
(236, 'FNE_21', 'click', 'Nhấn button tiếp tục', '[\'xpath\' => \'//button[contains(@class, \\\'btn-primary\\\')]\']', NULL, ''),
(237, 'FNE_21', 'see', 'Thông báo', '\'Xóa thành công\'', NULL, ''),
(238, 'FNR_01', 'am on page', 'Đứng tại trang', 'url = \'/Admin/ADLogin\'', 'url = \'/Admin/ADLogin\'', 'URL'),
(239, 'FNR_01', 'fillField', 'Nhập username', '[\'id\' => \'Email\']', '\'nguyentrang0912@gmail.com\'', 'Email'),
(240, 'FNR_01', 'fillField', 'Nhập password', '[\'id\' => \'Password\']', '\'123\'', 'Password'),
(241, 'FNR_01', 'click', 'Nhấn button login', '[\'xpath\'=>\'//button[contains(@class, \\\'btn-block btndn\\\')]\']', NULL, ''),
(242, 'FNR_01', 'am on page', 'Đứng tại trang', 'url = \'/Admin/ADTuyenDuong\'', 'url = \'/Admin/ADTuyenDuong\'', 'URL'),
(243, 'FNR_01', 'click', 'Nhấn button Thêm mới', '[\'xpath\' => \'//a[contains(@class, \\\'btn-primary\\\')]\']', NULL, ''),
(244, 'FNR_01', 'fillField', 'Nhập mã tuyến đường', '[\'id\' => \'MS_TUYEN\']', '\'SG-VT\'', 'matuyen'),
(245, 'FNR_01', 'fillField', 'Nhập bến đi', '[\'id\' => \'BENDI\']', '\'Sài Gòn\'', 'bendi'),
(246, 'FNR_01', 'fillField', 'Nhập bến đến', '[\'id\' => \'BENDEN\']', '\'Vũng Tàu\'', 'benden'),
(247, 'FNR_01', 'fillField', 'Nhập quãng đường', '[\'id\' => \'QUANGDUONG\']', '\'150\'', 'quangduong'),
(248, 'FNR_01', 'fillField', 'Nhập thời gian', '[\'id\' => \'THOIGIAN\']', '\'15:00\'', 'thoigian'),
(249, 'FNR_01', 'fillField', 'Nhập giá vé', '[\'id\' => \'GIAVE\']', '\'100\'', 'giave'),
(250, 'FNR_01', 'click', 'Click button Thêm', '[\'xpath\' => \'//input[contains(@class, \\\' btn-default\\\')]\']', NULL, ''),
(251, 'FNR_01', 'see', 'Thông báo', '\'Them thanh cong tuyen duong\'', NULL, ''),
(252, 'FNR_02', 'am on page', 'Đứng tại trang', 'url = \'/Admin/ADLogin\'', 'url = \'/Admin/ADLogin\'', 'URL'),
(253, 'FNR_02', 'fillField', 'Nhập username', '[\'id\' => \'Email\']', '\'nguyentrang0912@gmail.com\'', 'Email'),
(254, 'FNR_02', 'fillField', 'Nhập password', '[\'id\' => \'Password\']', '\'123\'', 'Password'),
(255, 'FNR_02', 'click', 'Nhấn button login', '[\'xpath\'=>\'//button[contains(@class, \\\'btn-block btndn\\\')]\']', NULL, ''),
(256, 'FNR_02', 'am on page', 'Đứng tại trang', 'url = \'/Admin/ADTuyenDuong\'', 'url = \'/Admin/ADTuyenDuong\'', 'URL'),
(257, 'FNR_02', 'click', 'Nhấn button Thêm mới', '[\'xpath\' => \'//a[contains(@class, \\\'btn-primary\\\')]\']', NULL, ''),
(258, 'FNR_02', 'fillField', 'Nhập bến đi', '[\'id\' => \'BENDI\']', '\'Sài Gòn\'', 'bendi'),
(259, 'FNR_02', 'fillField', 'Nhập bến đến', '[\'id\' => \'BENDEN\']', '\'Vũng Tàu\'', 'benden'),
(260, 'FNR_02', 'fillField', 'Nhập quãng đường', '[\'id\' => \'QUANGDUONG\']', '\'150\'', 'quangduong'),
(261, 'FNR_02', 'fillField', 'Nhập thời gian', '[\'id\' => \'THOIGIAN\']', '\'15:00\'', 'thoigian'),
(262, 'FNR_02', 'fillField', 'Nhập giá vé', '[\'id\' => \'GIAVE\']', '\'100\'', 'giave'),
(263, 'FNR_02', 'click', 'Click button Thêm', '[\'xpath\' => \'//input[contains(@class, \\\' btn-default\\\')]\']', NULL, ''),
(264, 'FNR_02', 'see', 'Thông báo', '\'Nhap ma tuyen duong\'', NULL, ''),
(265, 'FNR_06', 'am on page', 'Đứng tại trang', 'url = \'/Admin/ADLogin\'', 'url = \'/Admin/ADLogin\'', 'URL'),
(266, 'FNR_06', 'fillField', 'Nhập username', '[\'id\' => \'Email\']', '\'nguyentrang0912@gmail.com\'', 'Email'),
(267, 'FNR_06', 'click', 'Nhấn button login', '[\'xpath\'=>\'//button[contains(@class, \\\'btn-block btndn\\\')]\']', NULL, ''),
(268, 'FNR_06', 'fillField', 'Nhập password', '[\'id\' => \'Password\']', '\'123\'', 'Password'),
(269, 'FNR_06', 'am on page', 'Đứng tại trang', 'url = \'/Admin/ADTuyenDuong\'', 'url = \'/Admin/ADTuyenDuong\'', 'URL'),
(270, 'FNR_06', 'click', 'Nhấn button Thêm mới', '[\'xpath\' => \'//a[contains(@class, \\\'btn-primary\\\')]\']', NULL, ''),
(271, 'FNR_06', 'fillField', 'Nhập mã tuyến đường', '[\'id\' => \'MS_TUYEN\']', '\'SG-VT\'', 'matuyen'),
(272, 'FNR_06', 'fillField', 'Nhập bến đi', '[\'id\' => \'BENDI\']', '\'Sài Gòn\'', 'bendi'),
(273, 'FNR_06', 'fillField', 'Nhập bến đến', '[\'id\' => \'BENDEN\']', '\'Vũng Tàu\'', 'benden'),
(274, 'FNR_06', 'fillField', 'Nhập thời gian', '[\'id\' => \'THOIGIAN\']', '\'15:00\'', 'thoigian'),
(275, 'FNR_06', 'fillField', 'Nhập giá vé', '[\'id\' => \'GIAVE\']', '\'100\'', 'giave'),
(276, 'FNR_06', 'click', 'Click button Thêm', '[\'xpath\' => \'//input[contains(@class, \\\' btn-default\\\')]\']', NULL, ''),
(277, 'FNR_06', 'see', 'Thông báo', '\'Nhap quang duong\'', NULL, ''),
(278, 'FNR_10', 'am on page', 'Đứng tại trang', 'url = \'/Admin/ADLogin\'', 'url = \'/Admin/ADLogin\'', 'URL'),
(279, 'FNR_10', 'fillField', 'Nhập username', '[\'id\' => \'Email\']', '\'nguyentrang0912@gmail.com\'', 'Email'),
(280, 'FNR_10', 'click', 'Nhấn button login', '[\'xpath\'=>\'//button[contains(@class, \\\'btn-block btndn\\\')]\']', NULL, ''),
(281, 'FNR_10', 'fillField', 'Nhập password', '[\'id\' => \'Password\']', '123\'', 'Password'),
(282, 'FNR_10', 'am on page', 'Đứng tại trang', 'url = \'/Admin/ADTuyenDuong\'', 'url = \'/Admin/ADTuyenDuong\'', 'URL'),
(283, 'FNR_10', 'fillField', 'Điền dữ liệu tìm kiếm', '[\'xpath\' => \'//input[contains(@class, \\\' input-sm\\\')]\']', '\'SG-VT\'', 'Search'),
(284, 'FNR_11', 'am on page', 'Đứng tại trang', 'url = \'/Admin/ADLogin\'', 'url = \'/Admin/ADLogin\'', 'URL'),
(285, 'FNR_11', 'fillField', 'Nhập username', '[\'id\' => \'Email\']', '\'nguyentrang0912@gmail.com\'', 'Email'),
(286, 'FNR_11', 'click', 'Nhấn button login', '[\'xpath\'=>\'//button[contains(@class, \\\'btn-block btndn\\\')]\']', NULL, ''),
(287, 'FNR_11', 'fillField', 'Nhập password', '[\'id\' => \'Password\']', '123\'', 'Password'),
(288, 'FNR_11', 'am on page', 'Đứng tại trang', 'url = \'/Admin/ADTuyenDuong\'', 'url = \'/Admin/ADTuyenDuong\'', 'URL'),
(289, 'FNR_11', 'fillField', 'Điền dữ liệu tìm kiếm', '[\'xpath\' => \'//input[contains(@class, \\\' input-sm\\\')]\']', '\'SG-VTV\'', 'Search'),
(290, 'FNR_11', 'see', 'Thông báo', '\'Không tìm thấy kết quả\'', NULL, ''),
(291, 'FNR_16', 'am on page', 'Đứng tại trang', '\'Cap nhat thanh cong tuyen duong\'', '<null>', 'URL'),
(292, 'FNR_16', 'fillField', 'Nhập username', '[\'id\' => \'Email\']', '\'nguyentrang0912@gmail.com\'', 'Email'),
(293, 'FNR_16', 'fillField', 'Nhập password', '[\'id\' => \'Password\']', '\'123\'', 'Password'),
(294, 'FNR_16', 'click', 'Nhấn button login', '[\'xpath\'=>\'//button[contains(@class, \\\'btn-block btndn\\\')]\']', NULL, ''),
(295, 'FNR_16', 'am on page', 'Đứng tại trang', 'url = \'/Admin/ADTuyenDuong\'', 'url = \'/Admin/ADTuyenDuong\'', 'URL'),
(296, 'FNR_16', 'fillField', 'Điền dữ liệu tìm kiếm', '[\'xpath\' => \'//input[contains(@class, \\\' input-sm\\\')]\']', '\'SG-VT\'', 'Search'),
(297, 'FNR_16', 'click', 'Nhấn button edit', '[\'xpath\' => \'//a[contains(@class, \\\'btn-default\\\')]\']', NULL, ''),
(298, 'FNR_16', 'fillField', 'Xóa thời gian', '[\'id\' => \'THOIGIAN\']', '', 'thoigian'),
(299, 'FNR_16', 'click', 'Nhấn button Cập nhật', '[\'xpath\' => \'//input[contains(@class, \\\' btn-default\\\')]\']', NULL, ''),
(300, 'FNR_16', 'see', 'Thông báo', '\'Nhap thoi gian\'', NULL, ''),
(301, 'FNR_20', 'am on page', 'Đứng tại trang', 'url = \'/Admin/ADLogin\'', 'url = \'/Admin/ADLogin\'', 'URL'),
(302, 'FNR_20', 'fillField', 'Nhập password', '[\'id\' => \'Password\']', '\'123\'', 'Password'),
(303, 'FNR_20', 'fillField', 'Nhập username', '[\'id\' => \'Email\']', '\'nguyentrang0912@gmail.com\'', 'Email'),
(304, 'FNR_20', 'click', 'Nhấn button login', '[\'xpath\'=>\'//button[contains(@class, \\\'btn-block btndn\\\')]\']', NULL, ''),
(305, 'FNR_20', 'am on page', 'Đứng tại trang', 'url = \'/Admin/ADTuyenDuong\'', 'url = \'/Admin/ADTuyenDuong\'', 'URL'),
(306, 'FNR_20', 'fillField', 'Điền dữ liệu tìm kiếm', '[\'xpath\' => \'//input[contains(@class, \\\' input-sm\\\')]\']', '\'SG-VT\'', 'Search'),
(307, 'FNR_20', 'see', 'Thông báo', '\'Xóa thành công\'', NULL, ''),
(308, 'FNS_01', 'am on page', 'Đứng tại trang', 'url = \'/Admin/ADLogin\'', 'url = \'/Admin/ADLogin\'', 'URL'),
(309, 'FNS_01', 'fillField', 'Nhập password', '[\'id\' => \'Password\']', '\'123\'', 'Password'),
(310, 'FNS_01', 'fillField', 'Nhập username', '[\'id\' => \'Email\']', '\'nguyentrang0912@gmail.com\'', 'Email'),
(311, 'FNS_01', 'click', 'Nhấn button login', '[\'xpath\'=>\'//button[contains(@class, \\\'btn-block btndn\\\')]\']', NULL, ''),
(312, 'FNS_01', 'am on page', 'Đứng tại trang', 'url = \'/Admin/ADLoTrinh\'', 'url = \'/Admin/ADLoTrinh\'', 'URL'),
(313, 'FNS_01', 'click', 'Nhấn button Thêm mới', '[\'xpath\' => \'//a[contains(@class, \\\'btn-primary\\\')]\']', NULL, ''),
(314, 'FNS_01', 'click', 'Nhấn Mã Tuyến', '[\'id\' => \"MS_TUYEN\"]', NULL, ''),
(315, 'FNS_01', 'click', 'Chọn mã tuyến', '[\'xpath\' => \"//option[contains(text(), \'\" . $value . \"\')]\"]', '\'SAIGON-DAKLAK\'', 'chonmatuyen'),
(316, 'FNS_01', 'click', 'Nhấn bảng số xe', '[\'id\' => \'BSXE\']', '', ''),
(317, 'FNS_01', 'click', 'Chọn bảng số xe', '[\'xpath\' => \"//option[contains(text(), \'\" . $value . \"\')]\"]', '\'50A-76856\'', 'chonbangsoxe'),
(318, 'FNS_01', 'fillField', 'Điền ngày', '[\'id\' => \'checkin\']', '\'2018-12-30\'', ''),
(319, 'FNS_01', 'click', 'Nhấn vào giờ', '[\'id\' => \'GIO\']', NULL, ''),
(320, 'FNS_01', 'click', 'Chọn giờ', '[\'xpath\' => \"//option[contains(text(), \'\" . $value . \"\')]\"]', '\'8:00\'', ''),
(321, 'FNS_01', 'click', 'Nhấn button Thêm', '[\'xpath\' => \'//input[contains(@class, \\\'btn-default\\\')]\']', NULL, ''),
(322, 'FNS_01', 'see', 'Thông báo', '\'Them thanh cong lo trinh\'', NULL, ''),
(323, 'FNS_04', 'am on page', 'Đứng tại trang', 'url = \'/Admin/ADLogin\'', 'url = \'/Admin/ADLogin\'', 'URL'),
(324, 'FNS_04', 'fillField', 'Nhập password', '[\'id\' => \'Password\']', '\'123\'', 'Password'),
(325, 'FNS_04', 'fillField', 'Nhập username', '[\'id\' => \'Email\']', '\'nguyentrang0912@gmail.com\'', 'Email'),
(326, 'FNS_04', 'click', 'Nhấn button login', '[\'xpath\'=>\'//button[contains(@class, \\\'btn-block btndn\\\')]\']', NULL, ''),
(327, 'FNS_04', 'am on page', 'Đứng tại trang', 'url = \'/Admin/ADLoTrinh\'', 'url = \'/Admin/ADLoTrinh\'', 'URL'),
(328, 'FNS_04', 'click', 'Nhấn button Thêm mới', '[\'xpath\' => \'//a[contains(@class, \\\'btn-primary\\\')]\']', NULL, ''),
(329, 'FNS_04', 'click', 'Nhấn Mã Tuyến', '[\'id\' => \"MS_TUYEN\"]', NULL, ''),
(330, 'FNS_04', 'click', 'Chọn mã tuyến', '[\'xpath\' => \"//option[contains(text(), \'\" . $value . \"\')]\"]', '\'DAKLAK-HANOI\'', 'chonmatuyen'),
(331, 'FNS_04', 'click', 'Nhấn bảng số xe', '[\'id\' => \'BSXE\']', '', ''),
(332, 'FNS_04', 'click', 'Chọn bảng số xe', '[\'xpath\' => \"//option[contains(text(), \'\" . $value . \"\')]\"]', '\'50A-76856\'', 'chonbangsoxe'),
(333, 'FNS_04', 'fillField', 'Điền ngày', '[\'id\' => \'checkin\']', '\'2018-12-12\'', ''),
(334, 'FNS_04', 'click', 'Nhấn vào giờ', '[\'id\' => \'GIO\']', NULL, ''),
(335, 'FNS_04', 'click', 'Chọn giờ', '[\'xpath\' => \"//option[contains(text(), \'\" . $value . \"\')]\"]', '\'12:00\'', ''),
(336, 'FNS_04', 'click', 'Nhấn button Thêm', '[\'xpath\' => \'//input[contains(@class, \\\'btn-default\\\')]\']', NULL, ''),
(337, 'FNS_05', 'am on page', 'Đứng tại trang', 'url = \'/Admin/ADLogin\'', 'url = \'/Admin/ADLogin\'', 'URL'),
(338, 'FNS_05', 'fillField', 'Nhập password', '[\'id\' => \'Password\']', '\'123\'', 'Password'),
(339, 'FNS_05', 'fillField', 'Nhập username', '[\'id\' => \'Email\']', '\'nguyentrang0912@gmail.com\'', 'Email'),
(340, 'FNS_05', 'click', 'Nhấn button login', '[\'xpath\'=>\'//button[contains(@class, \\\'btn-block btndn\\\')]\']', NULL, ''),
(341, 'FNS_05', 'am on page', 'Đứng tại trang', 'url = \'/Admin/ADLoTrinh\'', 'url = \'/Admin/ADLoTrinh\'', 'URL'),
(342, 'FNS_05', 'fillField', 'Điền dữ liệu tìm kiếm', '[\'xpath\' => \'//input[contains(@class, \\\' input-sm\\\')]\']', '\'1098\'', 'Search'),
(343, 'FNS_07', 'am on page', 'Đứng tại trang', 'url = \'/Admin/ADLogin\'', 'url = \'/Admin/ADLogin\'', 'URL'),
(344, 'FNS_07', 'fillField', 'Nhập password', '[\'id\' => \'Password\']', '\'123\'', 'Password'),
(345, 'FNS_07', 'fillField', 'Nhập username', '[\'id\' => \'Email\']', '\'nguyentrang0912@gmail.com\'', 'Email'),
(346, 'FNS_07', 'click', 'Nhấn button login', '[\'xpath\'=>\'//button[contains(@class, \\\'btn-block btndn\\\')]\']', NULL, ''),
(347, 'FNS_07', 'am on page', 'Đứng tại trang', 'url = \'/Admin/ADLoTrinh\'', 'url = \'/Admin/ADLoTrinh\'', 'URL'),
(348, 'FNS_07', 'fillField', 'Điền dữ liệu tìm kiếm', '[\'xpath\' => \'//input[contains(@class, \\\' input-sm\\\')]\']', '\'1091\'', 'Search'),
(349, 'FNS_07', 'click', 'Nhấn Mã Tuyến', '[\'id\' => \"MS_TUYEN\"]', NULL, ''),
(350, 'FNS_07', 'click', 'Chọn mã tuyến', '[\'xpath\' => \"//option[contains(text(), \'\" . $value . \"\')]\"]', '\'HaNoi-HoCHiMinh\'', 'chonmatuyen'),
(351, 'FNS_07', 'click', 'Nhấn bảng số xe', '[\'id\' => \'BSXE\']', '', ''),
(352, 'FNS_07', 'click', 'Chọn bảng số xe', '[\'xpath\' => \"//option[contains(text(), \'\" . $value . \"\')]\"]', '\'51B-18932\'', 'chonbangsoxe'),
(353, 'FNS_07', 'fillField', 'Điền ngày', '[\'id\' => \'checkin\']', '\'2018-12-12\'', ''),
(354, 'FNS_07', 'click', 'Nhấn vào giờ', '[\'id\' => \'GIO\']', NULL, ''),
(355, 'FNS_07', 'click', 'Chọn giờ', '[\'xpath\' => \"//option[contains(text(), \'\" . $value . \"\')]\"]', '\'20:00\'', ''),
(356, 'FNS_07', 'click', 'Nhấn button Cập nhật', '[\'xpath\' => \'//input[contains(@class, \\\'btn-default\\\')]\']', NULL, ''),
(357, 'FNS_07', 'see', 'Thông báo', '\'cap nhat thanh cong lo trinh\'', NULL, ''),
(358, 'FNS_10', 'am on page', 'Đứng tại trang', 'url = \'/Admin/ADLogin\'', 'url = \'/Admin/ADLogin\'', 'URL'),
(359, 'FNS_10', 'fillField', 'Nhập password', '[\'id\' => \'Password\']', '\'123\'', 'Password'),
(360, 'FNS_10', 'fillField', 'Nhập username', '[\'id\' => \'Email\']', '\'nguyentrang0912@gmail.com\'', 'Email'),
(361, 'FNS_10', 'click', 'Nhấn button login', '[\'xpath\'=>\'//button[contains(@class, \\\'btn-block btndn\\\')]\']', NULL, ''),
(362, 'FNS_10', 'am on page', 'Đứng tại trang', 'url = \'/Admin/ADLoTrinh\'', 'url = \'/Admin/ADLoTrinh\'', 'URL'),
(363, 'FNS_10', 'fillField', 'Điền dữ liệu tìm kiếm', '[\'xpath\' => \'//input[contains(@class, \\\' input-sm\\\')]\']', '\'1099\'', 'Search'),
(364, 'FNS_10', 'click', 'Nhấn icon xóa', '[\'xpath\' => \'//a[contains(@class, \\\' btn-danger\\\')]\']', NULL, ''),
(365, 'FNS_10', 'see', 'Thông báo', '\'Bạn có muốn xóa mục này không?\'', NULL, ''),
(366, 'FNS_10', 'click', 'Nhấn button Tiếp tục', '[\'xpath\' => \'//button[contains(@class, \\\'btn-primary\\\')]\']', NULL, ''),
(367, 'FNS_10', 'see', 'Thông báo', '\'Xóa thành công!\'', NULL, ''),
(368, 'FNUR_01', 'am on page', 'Đứng tại trang', 'url = \"/\"', 'url = \"localhost:10080\"', 'URL'),
(369, 'FNUR_01', 'click', 'Nhấn button Đăng ký', '[\'xpath\' => \'//a[contains(@href, \\\'/KhachHang/Create\\\')]\']', NULL, ''),
(370, 'FNUR_01', 'fillField', 'Nhập Họ và tên', '[\'id\' => \'TEN_KH\']', '\'Pham Thi Mai\'', 'tenKH'),
(371, 'FNUR_01', 'fillField', 'Nhập email', '[\'id\' => \'EMAIL_KH\']', '\'maipham@gmail.com\'', 'emailKH'),
(372, 'FNUR_01', 'fillField', 'Nhập số điện thoại', '[\'id\' => \'SDT_KH\']', '\'0123456789\'', 'sdtKH'),
(373, 'FNUR_01', 'fillField', 'Nhập số chứng minh nhân dân', '[\'id\' => \'CMND_KH\']', '\'123456789\'', 'cmndKH'),
(374, 'FNUR_01', 'fillField', 'Nhập địa chỉ', '[\'id\' => \'DIACHI_KH\']', '\'Hải Phòng\'', 'diachiKH'),
(375, 'FNUR_01', 'fillField', 'Nhập mật khẩu', '[\'id\' => \'MATKHAU\']', '\'123\'', 'matkhau'),
(376, 'FNUR_01', 'fillField', 'Nhập xác nhận mật khẩu', '[\'id\' => \'CONFIRM_PASS\']', '\'123\'', 'xacnhanmatkhau'),
(377, 'FNUR_01', 'click', 'Nhấn button Đăng kí', '[\'xpath\' => \'//input[contains(@class, \\\'btn-primary\\\')]\']', '', ''),
(378, 'FNUR_01', 'see', 'Thông báo', '\'Dang ki thanh cong\'', NULL, ''),
(379, 'FNUR_04', 'am on page', 'Đứng tại trang', 'url = \"/\"', 'url = \"localhost:10080\"', 'URL'),
(380, 'FNUR_04', 'click', 'Nhấn button Đăng ký', '[\'xpath\' => \'//a[contains(@href, \\\'/KhachHang/Create\\\')]\']', NULL, ''),
(381, 'FNUR_04', 'fillField', 'Nhập Họ và tên', '[\'id\' => \'TEN_KH\']', '\'Pham Thi Mai\'', 'tenKH'),
(382, 'FNUR_04', 'fillField', 'Nhập số điện thoại', '[\'id\' => \'SDT_KH\']', '\'0123456789\'', 'sdtKH'),
(383, 'FNUR_04', 'fillField', 'Nhập số chứng minh nhân dân', '[\'id\' => \'CMND_KH\']', '\'123456789\'', 'cmndKH'),
(384, 'FNUR_04', 'fillField', 'Nhập xác nhận mật khẩu', '[\'id\' => \'CONFIRM_PASS\']', '\'124\'', 'xacnhanmatkhau'),
(385, 'FNUR_04', 'fillField', 'Nhập địa chỉ', '[\'id\' => \'DIACHI_KH\']', '\'Hải Phòng\'', 'diachiKH'),
(386, 'FNUR_04', 'click', 'Nhấn button Đăng kí', '[\'xpath\' => \'//input[contains(@class\\\'btn-primary\\\')]\']', '', ''),
(387, 'FNUR_04', 'click', 'Nhập mật khẩu', '[\'id\' => \'MATKHAU\']', '\'123\'', 'matkhau'),
(388, 'FNUR_04', 'see', 'Thông báo', '\'vui lòng nhập E-Mail\'', NULL, ''),
(389, 'FNUR_14', 'am on page', 'Đứng tại trang', 'url = \"/\"', 'url = \"localhost:10080\"', 'URL'),
(390, 'FNUR_14', 'click', 'Nhấn button Đăng ký', '[\'xpath\' => \'//a[contains(@href, \\\'/KhachHang/Create\\\')]\']', NULL, ''),
(391, 'FNUR_14', 'fillField', 'Nhập Họ và tên', '[\'id\' => \'TEN_KH\']', '\'Pham Thi Mai\'', 'tenKH'),
(392, 'FNUR_14', 'fillField', 'Nhập email', '[\'id\' => \'EMAIL_KH\']', '\'maipham@gmail.com\'', 'emailKH'),
(393, 'FNUR_14', 'fillField', 'Nhập số điện thoại', '[\'id\' => \'SDT_KH\']', '\'0123456789\'', 'sdtKH'),
(394, 'FNUR_14', 'fillField', 'Nhập số chứng minh nhân dân', '[\'id\' => \'CMND_KH\']', '\'123456789\'', 'cmndKH'),
(395, 'FNUR_14', 'fillField', 'Nhập địa chỉ', '[\'id\' => \'DIACHI_KH\']', '\'Hải Phòng\'', 'diachiKH'),
(396, 'FNUR_14', 'fillField', 'Nhập mật khẩu', '[\'id\' => \'MATKHAU\']', '\'123\'', 'matkhau'),
(397, 'FNUR_14', 'fillField', 'Nhập xác nhận mật khẩu', '[\'id\' => \'CONFIRM_PASS\']', '\'123456\'', 'xacnhanmatkhau'),
(398, 'FNUR_14', 'fillField', 'Nhấn button Đăng kí', '[\'xpath\' => \'//input[contains(@class \\\'btn-primary\\\')]\']', '', ''),
(399, 'FNUR_14', 'see', 'Thông báo', '\'Xác nhận mật khẩu không đúng\'', NULL, ''),
(400, 'FNUL_01', 'am on page', 'Đứng tại trang', 'url = \"/\"', 'url = \"localhost:10080\"', 'URL'),
(401, 'FNUL_01', 'click', 'Nhấn button Đăng nhập', '[\'xpath\' => \'//a[contains(@href, \\\'/Login/Index\\\')]\']', NULL, ''),
(402, 'FNUL_01', 'fillField', 'Nhập username', '[\'id\' => \'EMAIL_KH\']', '\'maipham@gmail.com\'', 'emailKH'),
(403, 'FNUL_01', 'fillField', 'Nhập button', '[\'id\' => \'MATKHAU\']', '\'123\'', 'matkhau'),
(404, 'FNUL_01', 'click', 'Nhấn button Login', '[\'xpath\' => \'//button[contains(@class, \\\'pull-right\\\')]\']', NULL, ''),
(405, 'FNUL_02', 'am on page', 'Đứng tại trang', 'url = \"/\"', 'url = \"localhost:10080\"', 'URL'),
(406, 'FNUL_02', 'click', 'Nhấn button Đăng nhập', '[\'xpath\' => \'//a[contains(@href, \\\'/Login/Index\\\')]\']', NULL, ''),
(407, 'FNUL_02', 'fillField', 'Nhập username', '[\'id\' => \'EMAIL_KH\']', '\'maipham@gmail.com\'', 'emailKH'),
(408, 'FNUL_02', 'fillField', 'Nhập button', '[\'id\' => \'MATKHAU\']', '\'abc123\'', 'matkhau'),
(409, 'FNUL_02', 'click', 'Nhấn button Login', '[\'xpath\' => \'//button[contains(@class, \\\'pull-right\\\')]\']', NULL, ''),
(410, 'FNUL_02', 'see', 'Thông báo', '\'Mat khau khong dung\'', NULL, ''),
(411, 'FNUL_03', 'am on page', 'Đứng tại trang', 'url = \"/\"', 'url = \"localhost:10080\"', 'URL'),
(412, 'FNUL_03', 'click', 'Nhấn button Đăng nhập', '[\'xpath\' => \'//a[contains(@href, \\\'/Login/Index\\\')]\']', NULL, ''),
(413, 'FNUL_03', 'fillField', 'Nhập username', '[\'id\' => \'EMAIL_KH\']', '\'maiphamthi0111@gmail.com\'', 'emailKH'),
(414, 'FNUL_03', 'fillField', 'Nhập button', '[\'id\' => \'MATKHAU\']', '\'123\'', 'matkhau'),
(415, 'FNUL_03', 'click', 'Nhấn button Login', '[\'xpath\' => \'//button[contains(@class, \\\'pull-right\\\')]\']', NULL, ''),
(416, 'FNUL_03', 'see', 'Thông báo', '\'Ten dang nhap khong ton tai\'', NULL, ''),
(417, 'FNUL_05', 'am on page', 'Đứng tại trang', 'url = \"/\"', 'url = \"localhost:10080\"', 'URL'),
(418, 'FNUL_05', 'click', 'Nhấn button Đăng nhập', '[\'xpath\' => \'//a[contains(@href, \\\'/Login/Index\\\')]\']', NULL, ''),
(419, 'FNUL_05', 'fillField', 'Nhập username', '[\'id\' => \'EMAIL_KH\']', '\'maipham@gmail.com\'', 'emailKH'),
(420, 'FNUL_05', 'fillField', 'Nhập button', '[\'id\' => \'MATKHAU\']', '\'123\'', 'matkhau'),
(421, 'FNUL_05', 'click', 'Nhấn button Login', '[\'xpath\' => \'//button[contains(@class, \\\'pull-right\\\')]\']', NULL, ''),
(422, 'FNUL_05', 'click', 'Nhấn button Đăng xuất', '[\'xpath\' => \'//a[contains(@href, \\\'/Login/LogOut\\\')]\']', NULL, ''),
(423, 'FNUI_01', 'am on page', 'Đứng tại trang', 'url = \"/\"', 'url = \"localhost:10080\"', 'URL'),
(424, 'FNUI_01', 'click', 'Nhấn button Đăng nhập', '[\'xpath\' => \'//a[contains(@href, \\\'/Login/Index\\\')]\']', NULL, ''),
(425, 'FNUI_01', 'fillField', 'Nhập username', '[\'id\' => \'EMAIL_KH\']', '\'maipham@gmail.com\'', 'emailKH'),
(426, 'FNUI_01', 'fillField', 'Nhập mật khẩu', '[\'id\' => \'MATKHAU\']', '\'123\'', 'matkhau'),
(427, 'FNUI_01', 'click', 'Nhấn button Login', '[\'xpath\' => \'//button[contains(@class, \\\'pull-right\\\')]\']', NULL, ''),
(428, 'FNUI_01', 'click', 'Nhấn button Xin chào', '[\'xpath\' => \'//a[contains(@href, \\\'/KhachHang/Edit\\\')]\']', NULL, ''),
(429, 'FNUI_01', 'fillField', 'Nhập Họ và tên', '[\'id\' => \'TEN_KH\']', '\'Pham Thi Mai\'', 'tenKH'),
(430, 'FNUI_01', 'see', 'Thông báo', '\'CAP NHAT THANH CONG KHACH HANG\'', '', ''),
(431, 'FNUI_01', 'fillField', 'Nhập số điện thoại', '[\'id\' => \'SDT_KH\']', '\'0123459876\'', 'sdtKH'),
(432, 'FNUI_01', 'fillField', 'Nhập số chứng minh nhân dân', '[\'id\' => \'CMND_KH\']', '\'123456665\'', 'cmndKH'),
(433, 'FNUI_01', 'fillField', 'Nhập địa chỉ', '[\'id\' => \'DIACHI_KH\']', '\'Quảng Ninh\'', 'diachiKH'),
(434, 'FNUI_08', 'click', 'Nhấn button Xin chào', '[\'xpath\' => \'//a[contains(@href, \\\'/KhachHang/Edit\\\')]\']', NULL, ''),
(435, 'FNUI_01', 'fillField', 'Nhập mật khẩu', '[\'id\' => \'MATKHAU\']', '\'123\'', 'matkhau'),
(436, 'FNUI_08', 'click', 'Nhấn button Cập nhật', '[\'xpath\' => \'//input[contains(@class, \\\'btn-primary\\\')]\']', ' ', ''),
(437, 'FNUI_01', 'fillField', 'Nhập xác nhận mật khẩu', '[\'id\' => \'CONFIRM_PASS\']', '\'123\'', 'xacnhanmatkhau'),
(438, 'FNUI_01', 'click', 'Nhấn button Cập nhật', '[\'xpath\' => \'//input[contains(@class, \\\'btn-primary\\\')]\']', '', ''),
(439, 'FNUI_08', 'see', 'Thông báo', '\'VUI LÒNG NHẬP MẬT KHẨU\'', NULL, ''),
(440, 'FNUI_10', 'am on page', 'Đứng tại trang', 'url = \"/\"', 'url = \"localhost:10080\"', 'URL'),
(441, 'FNUI_01', 'see', 'Thông báo', '\'CẬP NHẬT THÀNH CÔNG KHÁCH HÀNG\'', NULL, ''),
(442, 'FNUI_10', 'click', 'Nhấn button Đăng nhập', '[\'xpath\' => \'//a[contains(@href, \\\'/Login/Index\\\')]\']', NULL, ''),
(443, 'FNUI_08', 'am on page', 'Đứng tại trang', 'url = \"/\"', 'url = \"localhost:10080\"', 'URL'),
(444, 'FNUI_08', 'click', 'Nhấn button Đăng nhập', '[\'xpath\' => \'//a[contains(@href, \\\'/Login/Index\\\')]\']', NULL, ''),
(445, 'FNUI_10', 'fillField', 'Nhập username', '[\'id\' => \'EMAIL_KH\']', '\'maipham@gmail.com\'', 'emailKH'),
(446, 'FNUI_08', 'fillField', 'Nhập username', '[\'id\' => \'EMAIL_KH\']', '\'maipham@gmail.com\'', 'emailKH'),
(447, 'FNUI_10', 'fillField', 'Nhập button', '[\'id\' => \'MATKHAU\']', '\'123\'', 'matkhau'),
(448, 'FNUI_08', 'fillField', 'Nhập button', '[\'id\' => \'MATKHAU\']', '\'123\'', 'matkhau'),
(449, 'FNUI_10', 'click', 'Nhấn button Login', '[\'xpath\' => \'//button[contains(@class, \\\'pull-right\\\')]\']', NULL, ''),
(450, 'FNUI_10', 'click', 'Nhấn button Xin chào', '[\'xpath\' => \'//a[contains(@href, \\\'/KhachHang/Edit\\\')]\']', NULL, ''),
(451, 'FNUI_08', 'click', 'Nhấn button Login', '[\'xpath\' => \'//button[contains(@class, \\\'pull-right\\\')]\']', NULL, ''),
(452, 'FNUI_10', 'fillField', 'Nhập mật khẩu', '[\'id\' => \'MATKHAU\']', '\'123\'', 'matkhau'),
(453, 'FNUI_10', 'fillField', 'Nhập xác nhận mật khẩu', '[\'id\' => \'CONFIRM_PASS\']', '\'123abc\'', 'xacnhanmatkhau'),
(454, 'FNUI_10', 'see', 'Thông báo', '\'XÁC NHẬN MẬT KHẨU KHÔNG ĐÚNG\'', NULL, ''),
(455, 'FNUBT_01', 'am on page', 'Đứng tại trang', 'url = \"/\"', 'url = \"localhost:10080\"', 'URL');
INSERT INTO `testscript` (`id`, `testcase_id`, `actions`, `steps`, `items`, `values_input`, `lable`) VALUES
(456, 'FNUBT_01', 'click', 'Nhấn button Lịch trình', '[\'xpath\' => \'.//*[@id=\\\'br-cover-content\\\']/div[2]/nav/div/ul/li[1]/a\']', NULL, ''),
(457, 'FNUBT_01', 'fillField', 'Điền dữ liệu tìm kiếm', '[\'xpath\' => \'//input[contains(@class, \\\'pull-right\\\')]\']', '\'DALAT-NHATRANG\'', 'Search'),
(458, 'FNUBT_01', 'click', 'Nhấn icon search', '[\'xpath\' => \'//button[contains(@class, \\\' btn-default\\\')]\']', NULL, ''),
(459, 'FNUBT_01', 'click', 'Nhấn button Mua vé', '[\'xpath\' => \'//a[contains(@class, \\\' futa-book-ticket\\\')]\']', NULL, ''),
(460, 'FNUBT_01', 'click', 'Nhấn button Đặt vé', '[\'xpath\' => \'//button[contains(@class, \\\' pull-right\\\')]\']', NULL, ''),
(461, 'FNUBT_01', 'see', 'Thông báo', '\'Ban chua dien so luong ve. Moi nhap lai!\'', NULL, ''),
(462, 'FNUBT_02', 'am on page', 'Đứng tại trang', 'url = \"/\"', 'url = \"localhost:10080\"', 'URL'),
(463, 'FNUBT_02', 'click', 'Nhấn button Lịch trình', '[\'xpath\' => \'.//*[@id=\\\'br-cover-content\\\']/div[2]/nav/div/ul/li[1]/a\']', NULL, ''),
(464, 'FNUBT_02', 'fillField', 'Điền dữ liệu tìm kiếm', '[\'xpath\' => \'//input[contains(@class, \\\'pull-right\\\')]\']', '\'DALAT-NHATRANG\'', 'Search'),
(465, 'FNUBT_02', 'click', 'Nhấn icon search', '[\'xpath\' => \'//button[contains(@class, \\\' btn-default\\\')]\']', NULL, ''),
(466, 'FNUBT_02', 'click', 'Nhấn button Mua vé', '[\'xpath\' => \'//a[contains(@class, \\\' futa-book-ticket\\\')]\']', NULL, ''),
(467, 'FNUBT_02', 'fillField', 'Điền số lượng vé', '[\'id\' => \'soluong\']', '\'-2\'', 'soluongve'),
(468, 'FNUBT_02', 'see', 'Thông báo', '\'Ban khong duoc nhap so am. Moi nhap lai!\'', NULL, ''),
(469, 'FNUBT_03', 'am on page', 'Đứng tại trang', 'url = \"/\"', 'url = \"localhost:10080\"', 'URL'),
(470, 'FNUBT_03', 'click', 'Nhấn button Lịch trình', '[\'xpath\' => \'.//*[@id=\\\'br-cover-content\\\']/div[2]/nav/div/ul/li[1]/a\']', NULL, ''),
(471, 'FNUBT_03', 'fillField', 'Điền dữ liệu tìm kiếm', '[\'xpath\' => \'//input[contains(@class, \\\'pull-right\\\')]\']', '\'DALAT-NHATRANG\'', 'Search'),
(472, 'FNUBT_03', 'click', 'Nhấn icon search', '[\'xpath\' => \'//button[contains(@class, \\\' btn-default\\\')]\']', NULL, ''),
(473, 'FNUBT_03', 'click', 'Nhấn button Mua vé', '[\'xpath\' => \'//a[contains(@class, \\\' futa-book-ticket\\\')]\']', NULL, ''),
(474, 'FNUBT_03', 'fillField', 'Điền số lượng vé', '[\'id\' => \'soluong\']', '\'100\'', 'soluongve'),
(475, 'FNUBT_03', 'see', 'Thông báo', '\'Ban khong duoc chon nhieu hon so ghe. Moi nhap lai!\'', NULL, ''),
(476, 'FNUBT_04', 'am on page', 'Đứng tại trang', 'url = \"/\"', 'url = \"localhost:10080\"', 'URL'),
(477, 'FNUBT_04', 'click', 'Nhấn button Lịch trình', '[\'xpath\' => \'.//*[@id=\\\'br-cover-content\\\']/div[2]/nav/div/ul/li[1]/a\']', NULL, ''),
(478, 'FNUBT_04', 'fillField', 'Điền dữ liệu tìm kiếm', '[\'xpath\' => \'//input[contains(@class, \\\'pull-right\\\')]\']', '\'DALAT-NHATRANG\'', 'Search'),
(479, 'FNUBT_04', 'click', 'Nhấn icon search', '[\'xpath\' => \'//button[contains(@class, \\\' btn-default\\\')]\']', NULL, ''),
(480, 'FNUBT_04', 'click', 'Nhấn button Mua vé', '[\'xpath\' => \'//a[contains(@class, \\\' futa-book-ticket\\\')]\']', NULL, ''),
(481, 'FNUBT_04', 'fillField', 'Điền số lượng vé', '[\'id\' => \'soluong\']', '\'2\'', 'soluongve'),
(482, 'FNUBT_04', 'see', 'Thông báo', '\'Ban chua dang nhap\'', NULL, ''),
(483, 'FNUBT_05', 'am on page', 'Đứng tại trang', 'url = \"/\"', 'url = \"localhost:10080\"', 'URL'),
(484, 'FNUBT_05', 'click', 'Nhấn button Đăng nhập', '[\'xpath\' => \'//a[contains(@href, \\\'/Login/Index\\\')]\']', NULL, ''),
(485, 'FNUBT_05', 'fillField', 'Nhập username', '[\'id\' => \'EMAIL_KH\']', '\'maipham@gmail.com\'', 'emailKH'),
(486, 'FNUBT_05', 'fillField', 'Nhập button', '[\'id\' => \'MATKHAU\']', '\'123\'', 'matkhau'),
(487, 'FNUBT_05', 'click', 'Nhấn button Login', '[\'xpath\' => \'//button[contains(@class, \\\'pull-right\\\')]\']', NULL, ''),
(488, 'FNUBT_05', 'click', 'Nhấn button Lịch trình', '[\'xpath\' => \'.//*[@id=\\\'br-cover-content\\\']/div[2]/nav/div/ul/li[1]/a\']', NULL, ''),
(489, 'FNUBT_05', 'fillField', 'Điền dữ liệu tìm kiếm', '[\'xpath\' => \'//input[contains(@class, \\\'pull-right\\\')]\']', '\'DALAT-NHATRANG\'', 'Search'),
(490, 'FNUBT_05', 'click', 'Nhấn icon Search', '[\'xpath\' => \'//button[contains(@class, \\\' btn-default\\\')]\']', NULL, ''),
(491, 'FNUBT_05', 'click ', 'Nhấn button Mua vé', '[\'xpath\' => \'//a[contains(@class, \\\' futa-book-ticket\\\')]\']', NULL, ''),
(492, 'FNUBT_05', 'click', 'Nhấn button Đặt vé', '[\'xpath\' => \'//button[contains(@class, \\\' pull-right\\\')]\']', NULL, ''),
(493, 'FNUBT_05', 'see', 'Thông báo', '\'Ban chua dien so luong ve. Moi nhap lai!\'', NULL, ''),
(494, 'FNUBT_06', 'am on page', 'Đứng tại trang', 'url = \"/\"', 'url = \"localhost:10080\"', 'URL'),
(495, 'FNUBT_06', 'click', 'Nhấn button Đăng nhập', '[\'xpath\' => \'//a[contains(@href, \\\'/Login/Index\\\')]\']', NULL, ''),
(496, 'FNUBT_06', 'fillField', 'Nhập username', '[\'id\' => \'EMAIL_KH\']', '\'maipham@gmail.com\'', 'emailKH'),
(497, 'FNUBT_06', 'fillField', 'Nhập mật khẩu', '[\'id\' => \'MATKHAU\']', '\'123\'', 'matkhau'),
(498, 'FNUBT_06', 'click', 'Nhấn button Login', '[\'xpath\' => \'//button[contains(@class, \\\'pull-right\\\')]\']', NULL, ''),
(499, 'FNUBT_06', 'click', 'Nhấn button Lịch trình', '[\'xpath\' => \'.//*[@id=\\\'br-cover-content\\\']/div[2]/nav/div/ul/li[1]/a\']', NULL, ''),
(500, 'FNUBT_06', 'fillField', 'Điền dữ liệu tìm kiếm', '[\'xpath\' => \'//input[contains(@class, \\\'pull-right\\\')]\']', '\'DALAT-NHATRANG\'', 'Search'),
(501, 'FNUBT_06', 'click', 'Nhấn icon Search', '[\'xpath\' => \'//button[contains(@class, \\\' btn-default\\\')]\']', NULL, ''),
(502, 'FNUBT_06', 'click ', 'Nhấn button Mua vé', '[\'xpath\' => \'//a[contains(@class, \\\' futa-book-ticket\\\')]\']', NULL, ''),
(503, 'FNUBT_06', 'fillField', 'Điền số lượng vé', '[\'id\' => \'soluong\']', '\'-2\'', 'soluongve'),
(504, 'FNUBT_06', 'see', 'Thông báo', '\'Ban khong duoc nhap so am. Moi nhap lai!\'', NULL, ''),
(505, 'FNUBT_07', 'am on page', 'Đứng tại trang', 'url = \"/\"', 'url = \"localhost:10080\"', 'URL'),
(506, 'FNUBT_07', 'click', 'Nhấn button Đăng nhập', '[\'xpath\' => \'//a[contains(@href, \\\'/Login/Index\\\')]\']', NULL, ''),
(507, 'FNUBT_07', 'fillField', 'Nhập username', '[\'id\' => \'EMAIL_KH\']', '\'maipham@gmail.com\'', 'emailKH'),
(508, 'FNUBT_07', 'fillField', 'Nhập button', '[\'id\' => \'MATKHAU\']', '\'123\'', 'matkhau'),
(509, 'FNUBT_07', 'click', 'Nhấn button Login', '[\'xpath\' => \'//button[contains(@class, \\\'pull-right\\\')]\']', NULL, ''),
(510, 'FNUBT_07', 'click', 'Nhấn button Lịch trình', '[\'xpath\' => \'.//*[@id=\\\'br-cover-content\\\']/div[2]/nav/div/ul/li[1]/a\']', NULL, ''),
(511, 'FNUBT_07', 'fillField', 'Điền dữ liệu tìm kiếm', '[\'xpath\' => \'//input[contains(@class, \\\'pull-right\\\')]\']', '\'DALAT-NHATRANG\'', 'Search'),
(512, 'FNUBT_07', 'click', 'Nhấn icon Search', '[\'xpath\' => \'//button[contains(@class, \\\' btn-default\\\')]\']', NULL, ''),
(513, 'FNUBT_07', 'click ', 'Nhấn button Mua vé', '[\'xpath\' => \'//a[contains(@class, \\\' futa-book-ticket\\\')]\']', NULL, ''),
(514, 'FNUBT_07', 'fillField', 'Điền số lượng vé', '[\'id\' => \'soluong\']', '\'150\'', 'soluongve'),
(515, 'FNUBT_07', 'see', 'Thông báo', '\'Ban khong duoc chon nhieu hon so ghe. Moi nhap lai!\'', NULL, ''),
(516, 'FNUBT_08', 'am on page', 'Đứng tại trang', 'url = \"/\"', 'url = \"localhost:10080\"', 'URL'),
(517, 'FNUBT_08', 'click', 'Nhấn button Đăng nhập', '[\'xpath\' => \'//a[contains(@href, \\\'/Login/Index\\\')]\']', NULL, ''),
(518, 'FNUBT_08', 'fillField', 'Nhập username', '[\'id\' => \'EMAIL_KH\']', '\'maipham@gmail.com\'', 'emailKH'),
(519, 'FNUBT_08', 'fillField', 'Nhập button', '[\'id\' => \'MATKHAU\']', '\'123\'', 'matkhau'),
(520, 'FNUBT_08', 'click', 'Nhấn button Login', '[\'xpath\' => \'//button[contains(@class, \\\'pull-right\\\')]\']', NULL, ''),
(521, 'FNUBT_08', 'click', 'Nhấn button Lịch trình', '[\'xpath\' => \'.//*[@id=\\\'br-cover-content\\\']/div[2]/nav/div/ul/li[1]/a\']', NULL, ''),
(522, 'FNUBT_08', 'fillField', 'Điền dữ liệu tìm kiếm', '[\'xpath\' => \'//input[contains(@class, \\\'pull-right\\\')]\']', '\'DALAT-NHATRANG\'', 'Search'),
(523, 'FNUBT_08', 'click', 'Nhấn icon Search', '[\'xpath\' => \'//button[contains(@class, \\\' btn-default\\\')]\']', NULL, ''),
(524, 'FNUBT_08', 'click ', 'Nhấn button Mua vé', '[\'xpath\' => \'//a[contains(@class, \\\' futa-book-ticket\\\')]\']', NULL, ''),
(525, 'FNUBT_08', 'fillField', 'Điền số lượng vé', '[\'id\' => \'soluong\']', '\'2\'', 'soluongve'),
(526, 'FNUBT_08', 'see', 'Thông báo', '\'Them don hang thanh cong\'', NULL, ''),
(527, 'FNBU_01', 'am on page', 'Đứng tại trang', 'url = \'/Admin/ADLogin\'', 'url = \'/Admin/ADLogin\'', 'URL'),
(528, 'FNBU_01', 'fillField', 'Nhập username', '[\'id\' => \'Email\']', '\'nguyentrang0912@gmail.com\'', 'Email'),
(529, 'FNBU_01', 'fillField', 'Nhập password', '[\'id\' => \'Password\']', '\'123\'', 'Password'),
(530, 'FNBU_01', 'click', 'Nhấn button login', '[\'xpath\'=>\'//button[contains(@class, \\\'btn-block btndn\\\')]\']', '<null>', ''),
(531, 'FNBU_01', 'am on page', 'Đứng tại trang', 'url = \'/Admin/ADXeKhach\'', 'url = \'/Admin/ADXeKhach\'', 'URL'),
(532, 'FNBU_01', 'click', 'Nhấn button Thêm mới', '[\'xpath\' => \'//a[contains(@class, \\\'btn-primary\\\')]\']', '', ''),
(533, 'FNBU_01', 'fillField', 'Nhap bang so xe', '[\'id\' => \'MA_BSX\']', '\'90F1-0522\'', 'bangsoxe'),
(534, 'FNBU_01', 'fillField', 'Nhap so cho', '[\'id\' => \'SOCHO\']', '\'45\'', 'socho'),
(535, 'FNBU_01', 'click', 'Nhan button Them', '[\'xpath\' => \'//input[contains(@class, \\\'btn-default\\\')]\']', '', ''),
(536, 'FNBU_01', 'see', 'Thong bao', '\'Them thanh cong xe khach\'', '', ''),
(537, 'FNBU_02', 'am on page', 'Đứng tại trang', 'url = \'/Admin/ADLogin\'', 'url = \'/Admin/ADLogin\'', 'URL'),
(538, 'FNBU_02', 'fillField', 'Nhập username', '[\'id\' => \'Email\']', '\'nguyentrang0912@gmail.com\'', 'Email'),
(539, 'FNBU_02', 'fillField', 'Nhập password', '[\'id\' => \'Password\']', '\'123\'', 'Password'),
(540, 'FNBU_02', 'click', 'Nhấn button login', '[\'xpath\'=>\'//button[contains(@class, \\\'btn-block btndn\\\')]\']', '<null>', ''),
(541, 'FNBU_02', 'am on page', 'Đứng tại trang', 'url = \'/Admin/ADXeKhach\'', 'url = \'/Admin/ADXeKhach\'', 'URL'),
(542, 'FNBU_02', 'click', 'Nhấn button Thêm mới', '[\'xpath\' => \'//a[contains(@class, \\\'btn-primary\\\')]\']', '', ''),
(543, 'FNBU_02', 'click', 'Nhan button Them', '[\'xpath\' => \'//input[contains(@class, \\\'btn-default\\\')]\']', '', ''),
(544, 'FNBU_02', 'see', 'Thong bao', '\'Khong duoc de trong bang so xe va so cho\'', '', ''),
(545, 'FNBU_03', 'am on page', 'Đứng tại trang', 'url = \'/Admin/ADLogin\'', '<null>', 'URL'),
(546, 'FNBU_03', 'fillField', 'Nhập username', '[\'id\' => \'Email\']', '\'nguyentrang0912@gmail.com\'', 'Email'),
(547, 'FNBU_03', 'fillField', 'Nhập password', '[\'id\' => \'Password\']', '\'123\'', 'Password'),
(548, 'FNBU_03', 'click', 'Nhấn button login', '[\'xpath\'=>\'//button[contains(@class, \\\'btn-block btndn\\\')]\']', '<null>', ''),
(549, 'FNBU_03', 'am on page', 'Đứng tại trang', 'url = \'/Admin/ADXeKhach\'', 'url = \'/Admin/ADXeKhach\'', 'URL'),
(550, 'FNBU_03', 'click', 'Nhấn button Thêm mới', '[\'xpath\' => \'//a[contains(@class, \\\'btn-primary\\\')]\']', '', ''),
(551, 'FNBU_03', 'fillField', 'Nhap bang so xe', '[\'id\' => \'MA_BSX\']', '\'90F1-0522\'', 'bangsoxe'),
(552, 'FNBU_03', 'fillField', 'Nhap so cho', '[\'id\' => \'SOCHO\']', '\'45\'', 'socho'),
(553, 'FNBU_03', 'click', 'Nhan button Them', '[\'xpath\' => \'//input[contains(@class, \\\'btn-default\\\')]\']', '', ''),
(554, 'FNBU_03', 'see', 'Thong bao', '\'Bang so xe bi trung\'', '', ''),
(555, 'FNBU_04', 'am on page', 'Đứng tại trang', 'url = \'/Admin/ADLogin\'', 'url = \'/Admin/ADLogin\'', 'URL'),
(556, 'FNBU_04', 'fillField', 'Nhập username', '[\'id\' => \'Email\']', '\'nguyentrang0912@gmail.com\'', 'Email'),
(557, 'FNBU_04', 'fillField', 'Nhập password', '[\'id\' => \'Password\']', '\'123\'', 'Password'),
(558, 'FNBU_04', 'click', 'Nhấn button login', '[\'xpath\'=>\'//button[contains(@class, \\\'btn-block btndn\\\')]\']', '<null>', ''),
(559, 'FNBU_04', 'am on page', 'Đứng tại trang', 'url = \'/Admin/ADXeKhach\'', 'url = \'/Admin/ADXeKhach\'', 'URL'),
(560, 'FNBU_04', 'click', 'Nhấn button Thêm mới', '[\'xpath\' => \'//a[contains(@class, \\\'btn-primary\\\')]\']', '', ''),
(561, 'FNBU_04', 'fillField', 'Nhap so cho', '[\'id\' => \'SOCHO\']', '\'50\'', 'socho'),
(562, 'FNBU_04', 'click', 'Nhan button Them', '[\'xpath\' => \'//input[contains(@class, \\\'btn-default\\\')]\']', '', ''),
(563, 'FNBU_04', 'see', 'Thong bao', '\'Khong duoc bo trong bang so xe\'', '', ''),
(564, 'FNBU_06', 'am on page', 'Đứng tại trang', 'url = \'/Admin/ADLogin\'', 'url = \'/Admin/ADLogin\'', 'URL'),
(565, 'FNBU_06', 'fillField', 'Nhập username', '[\'id\' => \'Email\']', '\'nguyentrang0912@gmail.com\'', 'Email'),
(566, 'FNBU_06', 'fillField', 'Nhập password', '[\'id\' => \'Password\']', '\'123\'', 'Password'),
(567, 'FNBU_06', 'click', 'Nhấn button login', '[\'xpath\'=>\'//button[contains(@class, \\\'btn-block btndn\\\')]\']', '<null>', ''),
(568, 'FNBU_06', 'am on page', 'Đứng tại trang', 'url = \'/Admin/ADXeKhach\'', 'url = \'/Admin/ADXeKhach\'', 'URL'),
(569, 'FNBU_06', 'fillField', 'Điền dữ liệu tìm kiếm', '[\'xpath\' => \'//input[contains(@class, \\\' input-sm\\\')]\']', '\'90F1-6667\'', 'Search'),
(570, 'FNBU_06', 'see', 'Thong bao', '\'Không tìm thấy kết quả\'', '', ''),
(571, 'FNBU_07', 'am on page', 'Đứng tại trang', 'url = \'/Admin/ADLogin\'', 'url = \'/Admin/ADLogin\'', 'URL'),
(572, 'FNBU_07', 'fillField', 'Nhập username', '[\'id\' => \'Email\']', '\'nguyentrang0912@gmail.com\'', 'Email'),
(573, 'FNBU_07', 'fillField', 'Nhập password', '[\'id\' => \'Password\']', '\'123\'', 'Password'),
(574, 'FNBU_07', 'click', 'Nhấn button login', '[\'xpath\'=>\'//button[contains(@class, \\\'btn-block btndn\\\')]\']', '<null>', ''),
(575, 'FNBU_07', 'am on page', 'Đứng tại trang', 'url = \'/Admin/ADXeKhach\'', 'url = \'/Admin/ADXeKhach\'', 'URL'),
(576, 'FNBU_07', 'fillField', 'Điền dữ liệu tìm kiếm', '[\'xpath\' => \'//input[contains(@class, \\\' input-sm\\\')]\']', '\'90F1-0522\'', 'Search'),
(577, 'FNBU_08', 'am on page', 'Đứng tại trang', 'url = \'/Admin/ADLogin\'', '<null>', 'URL'),
(578, 'FNBU_08', 'fillField', 'Nhập username', '[\'id\' => \'Email\']', '\'nguyentrang0912@gmail.com\'', 'Email'),
(579, 'FNBU_08', 'fillField', 'Nhập password', '[\'id\' => \'Password\']', '\'123\'', 'Password'),
(580, 'FNBU_08', 'click', 'Nhấn button login', '[\'xpath\'=>\'//button[contains(@class, \\\'btn-block btndn\\\')]\']', '<null>', ''),
(581, 'FNBU_08', 'am on page', 'Đứng tại trang', 'url = \'/Admin/ADXeKhach\'', 'url = \'/Admin/ADXeKhach\'', 'URL'),
(582, 'FNBU_08', 'fillField', 'Điền dữ liệu tìm kiếm', '[\'xpath\' => \'//input[contains(@class, \\\' input-sm\\\')]\']', '\'90F1-0522\'', 'Search'),
(583, 'FNBU_08', 'fillField', 'Nhap bang so xe', '[\'id\' => \'MA_BSX\']', '\'92F5-0539\'', 'bangsoxe'),
(584, 'FNBU_08', 'fillField', 'Nhap so cho', '[\'id\' => \'SOCHO\']', '\'45\'', 'socho'),
(585, 'FNBU_08', 'click', 'Nhan button Cap nhat', '[\'xpath\' => \'//input[contains(@class, \\\'btn-default\\\')]\']', '', ''),
(586, 'FNBU_08', 'see', 'Thong bao', '\'Cap nhat thanh cong xe khach\'', '', ''),
(587, 'FNBU_10', 'am on page', 'Đứng tại trang', 'url = \'/Admin/ADLogin\'', 'url = \'/Admin/ADLogin\'', 'URL'),
(588, 'FNBU_10', 'fillField', 'Nhập username', '[\'id\' => \'Email\']', '\'nguyentrang0912@gmail.com\'', 'Email'),
(589, 'FNBU_10', 'fillField', 'Nhập password', '[\'id\' => \'Password\']', '\'123\'', 'Password'),
(590, 'FNBU_10', 'click', 'Nhấn button login', '[\'xpath\'=>\'//button[contains(@class, \\\'btn-block btndn\\\')]\']', '<null>', ''),
(591, 'FNBU_10', 'am on page', 'Đứng tại trang', 'url = \'/Admin/ADXeKhach\'', 'url = \'/Admin/ADXeKhach\'', 'URL'),
(592, 'FNBU_10', 'fillField', 'Điền dữ liệu tìm kiếm', '[\'xpath\' => \'//input[contains(@class, \\\' input-sm\\\')]\']', '\'90F1-0522\'', 'Search'),
(593, 'FNBU_10', 'click', 'Nhấn icon xóa', '[\'xpath\' => \'//a[contains(@class, \\\' btn-danger\\\')]\']', NULL, ''),
(594, 'FNBU_10', 'see', 'Thông báo', '\'Bạn có muốn xóa mục này không?\'', NULL, ''),
(595, 'FNBU_10', 'click', 'Nhan button Huy', '[\'xpath\' => \'//button[contains(@class, \\\'btn-default\\\')]\']', NULL, ''),
(596, 'FNBU_11', 'am on page', 'Đứng tại trang', 'url = \'/Admin/ADLogin\'', 'url = \'/Admin/ADLogin\'', 'URL'),
(597, 'FNBU_11', 'fillField', 'Nhập username', '[\'id\' => \'Email\']', '\'nguyentrang0912@gmail.com\'', 'Email'),
(598, 'FNBU_11', 'fillField', 'Nhập password', '[\'id\' => \'Password\']', '\'123\'', 'Password'),
(599, 'FNBU_11', 'click', 'Nhấn button login', '[\'xpath\'=>\'//button[contains(@class, \\\'btn-block btndn\\\')]\']', '<null>', ''),
(600, 'FNBU_11', 'am on page', 'Đứng tại trang', 'url = \'/Admin/ADXeKhach\'', 'url = \'/Admin/ADXeKhach\'', 'URL'),
(601, 'FNBU_11', 'fillField', 'Điền dữ liệu tìm kiếm', '[\'xpath\' => \'//input[contains(@class, \\\' input-sm\\\')]\']', '\'90F1-0522\'', 'Search'),
(602, 'FNBU_11', 'click', 'Nhấn icon xóa', '[\'xpath\' => \'//a[contains(@class, \\\' btn-danger\\\')]\']', NULL, ''),
(603, 'FNBU_11', 'see', 'Thông báo', '\'Bạn có muốn xóa mục này không?\'', NULL, ''),
(604, 'FNBU_11', 'click', 'Nhấn button Tiếp tục', '[\'xpath\' => \'//button[contains(@class, \\\'btn-primary\\\')]\']', NULL, ''),
(605, 'FNBU_11', 'see', 'Thông báo', '\'Xóa thành công!\'', NULL, ''),
(617, 'FNAL_05', 'hanh123', 'hanh123', 'hanh123', 'hanh123', 'hanh123');

-- --------------------------------------------------------

--
-- Cấu trúc bảng cho bảng `version`
--

CREATE TABLE `version` (
  `id` int(15) NOT NULL,
  `version` varchar(15) NOT NULL
) ENGINE=InnoDB DEFAULT CHARSET=utf8;

--
-- Đang đổ dữ liệu cho bảng `version`
--

INSERT INTO `version` (`id`, `version`) VALUES
(1, '1.1.0'),
(2, '1.1.1'),
(3, '1.1.2');

--
-- Chỉ mục cho các bảng đã đổ
--

--
-- Chỉ mục cho bảng `field`
--
ALTER TABLE `field`
  ADD PRIMARY KEY (`id`);

--
-- Chỉ mục cho bảng `function`
--
ALTER TABLE `function`
  ADD PRIMARY KEY (`id`);

--
-- Chỉ mục cho bảng `project`
--
ALTER TABLE `project`
  ADD PRIMARY KEY (`id`);

--
-- Chỉ mục cho bảng `report`
--
ALTER TABLE `report`
  ADD PRIMARY KEY (`id`);

--
-- Chỉ mục cho bảng `result`
--
ALTER TABLE `result`
  ADD PRIMARY KEY (`id`);

--
-- Chỉ mục cho bảng `testcase`
--
ALTER TABLE `testcase`
  ADD PRIMARY KEY (`id`);

--
-- Chỉ mục cho bảng `testscript`
--
ALTER TABLE `testscript`
  ADD PRIMARY KEY (`id`);

--
-- Chỉ mục cho bảng `version`
--
ALTER TABLE `version`
  ADD PRIMARY KEY (`id`);

--
-- AUTO_INCREMENT cho các bảng đã đổ
--

--
-- AUTO_INCREMENT cho bảng `field`
--
ALTER TABLE `field`
  MODIFY `id` int(10) NOT NULL AUTO_INCREMENT, AUTO_INCREMENT=19;

--
-- AUTO_INCREMENT cho bảng `function`
--
ALTER TABLE `function`
  MODIFY `id` int(11) NOT NULL AUTO_INCREMENT, AUTO_INCREMENT=23;

--
-- AUTO_INCREMENT cho bảng `report`
--
ALTER TABLE `report`
  MODIFY `id` int(11) NOT NULL AUTO_INCREMENT, AUTO_INCREMENT=151;

--
-- AUTO_INCREMENT cho bảng `result`
--
ALTER TABLE `result`
  MODIFY `id` int(100) NOT NULL AUTO_INCREMENT, AUTO_INCREMENT=960;

--
-- AUTO_INCREMENT cho bảng `testscript`
--
ALTER TABLE `testscript`
  MODIFY `id` int(11) NOT NULL AUTO_INCREMENT, AUTO_INCREMENT=618;
COMMIT;

/*!40101 SET CHARACTER_SET_CLIENT=@OLD_CHARACTER_SET_CLIENT */;
/*!40101 SET CHARACTER_SET_RESULTS=@OLD_CHARACTER_SET_RESULTS */;
/*!40101 SET COLLATION_CONNECTION=@OLD_COLLATION_CONNECTION */;
